source,TT_percent,TF_percent,FT_percent,FF_percent,total
clean original,52.63,7.89,13.16,26.32,38
gaussian_noise distorted,57.89,2.63,26.32,13.16,38
gaussian_noise restored,60.53,0.00,31.58,7.89,38
salt_and_pepper distorted,5.26,55.26,0.00,39.47,38
salt_and_pepper restored,57.89,2.63,23.68,15.79,38
gaussian_blur distorted,60.53,0.00,39.47,0.00,38
gaussian_blur restored,60.53,0.00,39.47,0.00,38
brightness_contrast distorted,47.37,13.16,28.95,10.53,38
brightness_contrast restored,55.26,5.26,26.32,13.16,38
rotation distorted,50.00,10.53,13.16,26.32,38
rotation restored,50.00,10.53,13.16,26.32,38
perspective_warp distorted,18.42,42.11,2.63,36.84,38
perspective_warp restored,52.63,7.89,13.16,26.32,38
barrel_distortion distorted,28.95,31.58,13.16,26.32,38
barrel_distortion restored,52.63,7.89,18.42,21.05,38
pixelation distorted,60.53,0.00,39.47,0.00,38
pixelation restored,60.53,0.00,39.47,0.00,38
gaussian_noise_snr_5db distorted,15.79,44.74,7.89,31.58,38
gaussian_noise_snr_5db restored,60.53,0.00,39.47,0.00,38
gaussian_noise_snr_10db distorted,60.53,0.00,28.95,10.53,38
gaussian_noise_snr_10db restored,60.53,0.00,31.58,7.89,38
gaussian_noise_snr_15db distorted,57.89,2.63,26.32,13.16,38
gaussian_noise_snr_15db restored,60.53,0.00,28.95,10.53,38
gaussian_noise_snr_20db distorted,55.26,5.26,23.68,15.79,38
gaussian_noise_snr_20db restored,57.89,2.63,28.95,10.53,38
gaussian_noise_snr_30db distorted,52.63,7.89,15.79,23.68,38
gaussian_noise_snr_30db restored,57.89,2.63,28.95,10.53,38
salt_and_pepper_density_0_01 distorted,23.68,36.84,5.26,34.21,38
salt_and_pepper_density_0_01 restored,57.89,2.63,23.68,15.79,38
salt_and_pepper_density_0_03 distorted,7.89,52.63,0.00,39.47,38
salt_and_pepper_density_0_03 restored,57.89,2.63,23.68,15.79,38
salt_and_pepper_density_0_05 distorted,2.63,57.89,0.00,39.47,38
salt_and_pepper_density_0_05 restored,57.89,2.63,23.68,15.79,38
salt_and_pepper_density_0_10 distorted,0.00,60.53,0.00,39.47,38
salt_and_pepper_density_0_10 restored,57.89,2.63,23.68,15.79,38
gaussian_blur_sigma_0_5 distorted,55.26,5.26,23.68,15.79,38
gaussian_blur_sigma_0_5 restored,18.42,42.11,0.00,39.47,38
gaussian_blur_sigma_1_0 distorted,57.89,2.63,28.95,10.53,38
gaussian_blur_sigma_1_0 restored,26.32,34.21,7.89,31.58,38
gaussian_blur_sigma_1_5 distorted,60.53,0.00,34.21,5.26,38
gaussian_blur_sigma_1_5 restored,52.63,7.89,10.53,28.95,38
gaussian_blur_sigma_2_0 distorted,60.53,0.00,39.47,0.00,38
gaussian_blur_sigma_2_0 restored,57.89,2.63,28.95,10.53,38
gaussian_blur_sigma_3_0 distorted,60.53,0.00,39.47,0.00,38
gaussian_blur_sigma_3_0 restored,60.53,0.00,39.47,0.00,38