distortion_type,level,method,image_type,reconstruction_method,psnr,ssim,reconstruction_score
gaussian_noise_snr,5db,gaussian_noise_snr_5db,distorted,nearest,17.0203,0.914307,89.24
gaussian_noise_snr,5db,gaussian_noise_snr_5db,distorted,bilinear,16.9849,0.913216,88.91
gaussian_noise_snr,5db,gaussian_noise_snr_5db,distorted,bicubic,17.3365,0.925316,89.44
gaussian_noise_snr,5db,gaussian_noise_snr_5db,distorted,lanczos,17.4569,0.929446,89.61
gaussian_noise_snr,5db,gaussian_noise_snr_5db,distorted,sharpened_lanczos,17.2495,0.930327,89.83
gaussian_noise_snr,5db,gaussian_noise_snr_5db,restored,nearest,27.3707,0.984809,97.3
gaussian_noise_snr,5db,gaussian_noise_snr_5db,restored,bilinear,30.1571,0.992465,97.98
gaussian_noise_snr,5db,gaussian_noise_snr_5db,restored,bicubic,33.6969,0.997039,98.6
gaussian_noise_snr,5db,gaussian_noise_snr_5db,restored,lanczos,36.0747,0.998455,98.9
gaussian_noise_snr,5db,gaussian_noise_snr_5db,restored,sharpened_lanczos,27.3511,0.986312,97.26
gaussian_noise_snr,10db,gaussian_noise_snr_10db,distorted,nearest,20.4041,0.955771,93.05
gaussian_noise_snr,10db,gaussian_noise_snr_10db,distorted,bilinear,20.6508,0.959266,92.98
gaussian_noise_snr,10db,gaussian_noise_snr_10db,distorted,bicubic,21.2903,0.968416,93.47
gaussian_noise_snr,10db,gaussian_noise_snr_10db,distorted,lanczos,21.5484,0.971743,93.64
gaussian_noise_snr,10db,gaussian_noise_snr_10db,distorted,sharpened_lanczos,20.9873,0.967954,93.47
gaussian_noise_snr,10db,gaussian_noise_snr_10db,restored,nearest,27.5616,0.986155,97.62
gaussian_noise_snr,10db,gaussian_noise_snr_10db,restored,bilinear,30.8484,0.993562,98.3
gaussian_noise_snr,10db,gaussian_noise_snr_10db,restored,bicubic,34.8815,0.99766,98.88
gaussian_noise_snr,10db,gaussian_noise_snr_10db,restored,lanczos,37.7189,0.998876,99.15
gaussian_noise_snr,10db,gaussian_noise_snr_10db,restored,sharpened_lanczos,27.8126,0.988217,97.63
gaussian_noise_snr,15db,gaussian_noise_snr_15db,distorted,nearest,22.7809,0.969612,95.17
gaussian_noise_snr,15db,gaussian_noise_snr_15db,distorted,bilinear,23.4475,0.974485,95.27
gaussian_noise_snr,15db,gaussian_noise_snr_15db,distorted,bicubic,24.6012,0.982632,95.77
gaussian_noise_snr,15db,gaussian_noise_snr_15db,distorted,lanczos,25.1439,0.985687,95.97
gaussian_noise_snr,15db,gaussian_noise_snr_15db,distorted,sharpened_lanczos,23.9489,0.980675,95.52
gaussian_noise_snr,15db,gaussian_noise_snr_15db,restored,nearest,27.5756,0.986661,97.74
gaussian_noise_snr,15db,gaussian_noise_snr_15db,restored,bilinear,31.0295,0.993905,98.43
gaussian_noise_snr,15db,gaussian_noise_snr_15db,restored,bicubic,35.2755,0.997834,98.99
gaussian_noise_snr,15db,gaussian_noise_snr_15db,restored,lanczos,38.3608,0.998996,99.25
gaussian_noise_snr,15db,gaussian_noise_snr_15db,restored,sharpened_lanczos,28.0134,0.98905,97.77
gaussian_noise_snr,20db,gaussian_noise_snr_20db,distorted,nearest,23.9853,0.974201,96.24
gaussian_noise_snr,20db,gaussian_noise_snr_20db,distorted,bilinear,25.0058,0.97947,96.44
gaussian_noise_snr,20db,gaussian_noise_snr_20db,distorted,bicubic,26.7032,0.987272,96.99
gaussian_noise_snr,20db,gaussian_noise_snr_20db,distorted,lanczos,27.6125,0.990233,97.22
gaussian_noise_snr,20db,gaussian_noise_snr_20db,distorted,sharpened_lanczos,25.6846,0.984908,96.56
gaussian_noise_snr,20db,gaussian_noise_snr_20db,restored,nearest,27.5669,0.986939,97.79
gaussian_noise_snr,20db,gaussian_noise_snr_20db,restored,bilinear,31.0574,0.994033,98.47
gaussian_noise_snr,20db,gaussian_noise_snr_20db,restored,bicubic,35.3746,0.997889,99.03
gaussian_noise_snr,20db,gaussian_noise_snr_20db,restored,lanczos,38.5603,0.999028,99.28
gaussian_noise_snr,20db,gaussian_noise_snr_20db,restored,sharpened_lanczos,28.1,0.989443,97.84
gaussian_noise_snr,30db,gaussian_noise_snr_30db,distorted,nearest,24.6175,0.976334,96.99
gaussian_noise_snr,30db,gaussian_noise_snr_30db,distorted,bilinear,25.8883,0.981743,97.28
gaussian_noise_snr,30db,gaussian_noise_snr_30db,distorted,bicubic,28.0599,0.989324,97.87
gaussian_noise_snr,30db,gaussian_noise_snr_30db,distorted,lanczos,29.3649,0.992224,98.14
gaussian_noise_snr,30db,gaussian_noise_snr_30db,distorted,sharpened_lanczos,26.7392,0.986813,97.31
gaussian_noise_snr,30db,gaussian_noise_snr_30db,restored,nearest,27.5449,0.987144,97.83
gaussian_noise_snr,30db,gaussian_noise_snr_30db,restored,bilinear,31.0465,0.994115,98.51
gaussian_noise_snr,30db,gaussian_noise_snr_30db,restored,bicubic,35.4008,0.997912,99.06
gaussian_noise_snr,30db,gaussian_noise_snr_30db,restored,lanczos,38.6423,0.999035,99.31
gaussian_noise_snr,30db,gaussian_noise_snr_30db,restored,sharpened_lanczos,28.1393,0.989695,97.88
salt_and_pepper_density,0.01,salt_and_pepper_density_0_01,distorted,nearest,21.6866,0.953984,96.41
salt_and_pepper_density,0.01,salt_and_pepper_density_0_01,distorted,bilinear,22.1389,0.956914,96.68
salt_and_pepper_density,0.01,salt_and_pepper_density_0_01,distorted,bicubic,23.034,0.965855,97.24
salt_and_pepper_density,0.01,salt_and_pepper_density_0_01,distorted,lanczos,23.427,0.96908,97.48
salt_and_pepper_density,0.01,salt_and_pepper_density_0_01,distorted,sharpened_lanczos,22.6764,0.966365,96.53
salt_and_pepper_density,0.01,salt_and_pepper_density_0_01,restored,nearest,25.9231,0.981782,97.74
salt_and_pepper_density,0.01,salt_and_pepper_density_0_01,restored,bilinear,27.7403,0.987626,98.03
salt_and_pepper_density,0.01,salt_and_pepper_density_0_01,restored,bicubic,30.2014,0.993143,98.56
salt_and_pepper_density,0.01,salt_and_pepper_density_0_01,restored,lanczos,31.6616,0.995137,98.77
salt_and_pepper_density,0.01,salt_and_pepper_density_0_01,restored,sharpened_lanczos,27.7932,0.989049,97.8
salt_and_pepper_density,0.03,salt_and_pepper_density_0_03,distorted,nearest,18.8572,0.913625,94.99
salt_and_pepper_density,0.03,salt_and_pepper_density_0_03,distorted,bilinear,18.9355,0.911634,95.2
salt_and_pepper_density,0.03,salt_and_pepper_density_0_03,distorted,bicubic,19.4296,0.923212,95.71
salt_and_pepper_density,0.03,salt_and_pepper_density_0_03,distorted,lanczos,19.6155,0.927061,95.88
salt_and_pepper_density,0.03,salt_and_pepper_density_0_03,distorted,sharpened_lanczos,19.3674,0.929547,94.83
salt_and_pepper_density,0.03,salt_and_pepper_density_0_03,restored,nearest,25.843,0.981457,97.72
salt_and_pepper_density,0.03,salt_and_pepper_density_0_03,restored,bilinear,27.6366,0.987336,98.01
salt_and_pepper_density,0.03,salt_and_pepper_density_0_03,restored,bicubic,30.0367,0.992882,98.54
salt_and_pepper_density,0.03,salt_and_pepper_density_0_03,restored,lanczos,31.4597,0.994909,98.75
salt_and_pepper_density,0.03,salt_and_pepper_density_0_03,restored,sharpened_lanczos,27.708,0.988842,97.78
salt_and_pepper_density,0.05,salt_and_pepper_density_0_05,distorted,nearest,17.2315,0.876895,93.67
salt_and_pepper_density,0.05,salt_and_pepper_density_0_05,distorted,bilinear,17.2012,0.870659,93.81
salt_and_pepper_density,0.05,salt_and_pepper_density_0_05,distorted,bicubic,17.5766,0.884497,94.29
salt_and_pepper_density,0.05,salt_and_pepper_density_0_05,distorted,lanczos,17.7089,0.888921,94.41
salt_and_pepper_density,0.05,salt_and_pepper_density_0_05,distorted,sharpened_lanczos,17.6017,0.896461,93.31
salt_and_pepper_density,0.05,salt_and_pepper_density_0_05,restored,nearest,25.8044,0.981278,97.71
salt_and_pepper_density,0.05,salt_and_pepper_density_0_05,restored,bilinear,27.5904,0.987193,97.99
salt_and_pepper_density,0.05,salt_and_pepper_density_0_05,restored,bicubic,29.934,0.992707,98.52
salt_and_pepper_density,0.05,salt_and_pepper_density_0_05,restored,lanczos,31.3053,0.994721,98.72
salt_and_pepper_density,0.05,salt_and_pepper_density_0_05,restored,sharpened_lanczos,27.6608,0.988711,97.78
salt_and_pepper_density,0.10,salt_and_pepper_density_0_10,distorted,nearest,14.7205,0.791788,90.43
salt_and_pepper_density,0.10,salt_and_pepper_density_0_10,distorted,bilinear,14.5799,0.7745,90.37
salt_and_pepper_density,0.10,salt_and_pepper_density_0_10,distorted,bicubic,14.856,0.794186,90.87
salt_and_pepper_density,0.10,salt_and_pepper_density_0_10,distorted,lanczos,14.9405,0.799981,90.92
salt_and_pepper_density,0.10,salt_and_pepper_density_0_10,distorted,sharpened_lanczos,14.949,0.820307,89.87
salt_and_pepper_density,0.10,salt_and_pepper_density_0_10,restored,nearest,25.5518,0.980171,97.65
salt_and_pepper_density,0.10,salt_and_pepper_density_0_10,restored,bilinear,27.2294,0.986094,97.93
salt_and_pepper_density,0.10,salt_and_pepper_density_0_10,restored,bicubic,29.3369,0.991638,98.44
salt_and_pepper_density,0.10,salt_and_pepper_density_0_10,restored,lanczos,30.5103,0.993665,98.64
salt_and_pepper_density,0.10,salt_and_pepper_density_0_10,restored,sharpened_lanczos,27.3109,0.987772,97.71
gaussian_blur_sigma,0.5,gaussian_blur_sigma_0_5,distorted,nearest,25.9903,0.982123,97.53
gaussian_blur_sigma,0.5,gaussian_blur_sigma_0_5,distorted,bilinear,27.9225,0.988164,97.93
gaussian_blur_sigma,0.5,gaussian_blur_sigma_0_5,distorted,bicubic,30.6581,0.993847,98.5
gaussian_blur_sigma,0.5,gaussian_blur_sigma_0_5,distorted,lanczos,32.3839,0.995898,98.76
gaussian_blur_sigma,0.5,gaussian_blur_sigma_0_5,distorted,sharpened_lanczos,27.5016,0.988402,97.62
gaussian_blur_sigma,0.5,gaussian_blur_sigma_0_5,restored,nearest,20.3102,0.956121,95.46
gaussian_blur_sigma,0.5,gaussian_blur_sigma_0_5,restored,bilinear,21.211,0.962006,95.21
gaussian_blur_sigma,0.5,gaussian_blur_sigma_0_5,restored,bicubic,23.1637,0.976727,96.46
gaussian_blur_sigma,0.5,gaussian_blur_sigma_0_5,restored,lanczos,24.2273,0.981987,96.95
gaussian_blur_sigma,0.5,gaussian_blur_sigma_0_5,restored,sharpened_lanczos,25.127,0.986434,97.33
gaussian_blur_sigma,1.0,gaussian_blur_sigma_1_0,distorted,nearest,28.8006,0.989836,98.12
gaussian_blur_sigma,1.0,gaussian_blur_sigma_1_0,distorted,bilinear,32.6514,0.995715,98.75
gaussian_blur_sigma,1.0,gaussian_blur_sigma_1_0,distorted,bicubic,37.0436,0.99847,99.25
gaussian_blur_sigma,1.0,gaussian_blur_sigma_1_0,distorted,lanczos,40.1518,0.999256,99.46
gaussian_blur_sigma,1.0,gaussian_blur_sigma_1_0,distorted,sharpened_lanczos,28.9466,0.990865,98.05
gaussian_blur_sigma,1.0,gaussian_blur_sigma_1_0,restored,nearest,22.2411,0.970473,96.4
gaussian_blur_sigma,1.0,gaussian_blur_sigma_1_0,restored,bilinear,24.0594,0.979477,96.68
gaussian_blur_sigma,1.0,gaussian_blur_sigma_1_0,restored,bicubic,26.8801,0.989667,97.81
gaussian_blur_sigma,1.0,gaussian_blur_sigma_1_0,restored,lanczos,28.5133,0.992971,98.26
gaussian_blur_sigma,1.0,gaussian_blur_sigma_1_0,restored,sharpened_lanczos,27.1375,0.991014,97.79
gaussian_blur_sigma,1.5,gaussian_blur_sigma_1_5,distorted,nearest,31.4896,0.994107,98.53
gaussian_blur_sigma,1.5,gaussian_blur_sigma_1_5,distorted,bilinear,37.7277,0.998577,99.25
gaussian_blur_sigma,1.5,gaussian_blur_sigma_1_5,distorted,bicubic,44.4156,0.999699,99.66
gaussian_blur_sigma,1.5,gaussian_blur_sigma_1_5,distorted,lanczos,48.9135,0.999893,99.8
gaussian_blur_sigma,1.5,gaussian_blur_sigma_1_5,distorted,sharpened_lanczos,31.8378,0.994811,98.63
gaussian_blur_sigma,1.5,gaussian_blur_sigma_1_5,restored,nearest,24.887,0.982096,97.14
gaussian_blur_sigma,1.5,gaussian_blur_sigma_1_5,restored,bilinear,28.5095,0.991896,97.94
gaussian_blur_sigma,1.5,gaussian_blur_sigma_1_5,restored,bicubic,32.9727,0.997186,98.86
gaussian_blur_sigma,1.5,gaussian_blur_sigma_1_5,restored,lanczos,35.714,0.998512,99.2
gaussian_blur_sigma,1.5,gaussian_blur_sigma_1_5,restored,sharpened_lanczos,27.4779,0.990791,97.76
gaussian_blur_sigma,2.0,gaussian_blur_sigma_2_0,distorted,nearest,33.7216,0.99623,98.81
gaussian_blur_sigma,2.0,gaussian_blur_sigma_2_0,distorted,bilinear,41.8441,0.999413,99.51
gaussian_blur_sigma,2.0,gaussian_blur_sigma_2_0,distorted,bicubic,49.7684,0.999906,99.82
gaussian_blur_sigma,2.0,gaussian_blur_sigma_2_0,distorted,lanczos,52.7543,0.999953,99.88
gaussian_blur_sigma,2.0,gaussian_blur_sigma_2_0,distorted,sharpened_lanczos,35.4919,0.997558,99.14
gaussian_blur_sigma,2.0,gaussian_blur_sigma_2_0,restored,nearest,27.725,0.989179,97.79
gaussian_blur_sigma,2.0,gaussian_blur_sigma_2_0,restored,bilinear,33.2368,0.996872,98.72
gaussian_blur_sigma,2.0,gaussian_blur_sigma_2_0,restored,bicubic,38.9942,0.999187,99.36
gaussian_blur_sigma,2.0,gaussian_blur_sigma_2_0,restored,lanczos,41.7917,0.999575,99.54
gaussian_blur_sigma,2.0,gaussian_blur_sigma_2_0,restored,sharpened_lanczos,28.764,0.99201,98.0
gaussian_blur_sigma,3.0,gaussian_blur_sigma_3_0,distorted,nearest,37.3734,0.998191,99.17
gaussian_blur_sigma,3.0,gaussian_blur_sigma_3_0,distorted,bilinear,48.2426,0.999851,99.77
gaussian_blur_sigma,3.0,gaussian_blur_sigma_3_0,distorted,bicubic,54.1517,0.999962,99.9
gaussian_blur_sigma,3.0,gaussian_blur_sigma_3_0,distorted,lanczos,53.78,0.999959,99.9
gaussian_blur_sigma,3.0,gaussian_blur_sigma_3_0,distorted,sharpened_lanczos,43.9481,0.999604,99.74
gaussian_blur_sigma,3.0,gaussian_blur_sigma_3_0,restored,nearest,32.9328,0.995769,98.67
gaussian_blur_sigma,3.0,gaussian_blur_sigma_3_0,restored,bilinear,40.1232,0.999183,99.36
gaussian_blur_sigma,3.0,gaussian_blur_sigma_3_0,restored,bicubic,43.3507,0.999615,99.59
gaussian_blur_sigma,3.0,gaussian_blur_sigma_3_0,restored,lanczos,43.6671,0.999643,99.61
gaussian_blur_sigma,3.0,gaussian_blur_sigma_3_0,restored,sharpened_lanczos,35.4543,0.997696,99.02
