source,group,image,method,mse,rmse,mae,psnr,ssim,reconstruction_score
Clean,Clean,,nearest,220.8784,14.8620,7.1610,24.6893,0.976723,97.19
Clean,Clean,,bilinear,163.4758,12.7858,6.3842,25.9963,0.982120,97.50
Clean,Clean,,bicubic,97.3954,9.8689,4.8489,28.2454,0.989627,98.10
Clean,Clean,,lanczos,70.9715,8.4245,4.1371,29.6200,0.992508,98.38
Clean,Clean,,sharpened_lanczos,133.6529,11.5608,6.3612,26.8710,0.987052,97.51
barrel_distortion,Distortions vs Original,barrel_distortion.png,nearest,2243.8628,47.3694,22.8523,14.6208,0.749762,91.04
barrel_distortion,Distortions vs Original,barrel_distortion.png,bilinear,2012.9774,44.8662,21.4744,15.0924,0.768153,91.58
barrel_distortion,Distortions vs Original,barrel_distortion.png,bicubic,2141.5610,46.2770,22.1747,14.8235,0.758747,91.30
barrel_distortion,Distortions vs Original,barrel_distortion.png,lanczos,2193.6494,46.8364,22.4287,14.7191,0.754866,91.20
barrel_distortion,Distortions vs Original,barrel_distortion.png,sharpened_lanczos,2790.2312,52.8226,26.0804,13.6744,0.715317,89.77
barrel_distortion_restored,Restoration vs Original,barrel_distortion_restored.png,nearest,979.2551,31.2931,14.4727,18.2218,0.896258,94.32
barrel_distortion_restored,Restoration vs Original,barrel_distortion_restored.png,bilinear,788.9447,28.0882,13.7080,19.1603,0.913340,94.62
barrel_distortion_restored,Restoration vs Original,barrel_distortion_restored.png,bicubic,850.8873,29.1700,13.8948,18.8321,0.908965,94.55
barrel_distortion_restored,Restoration vs Original,barrel_distortion_restored.png,lanczos,883.7492,29.7279,14.0588,18.6675,0.906243,94.49
barrel_distortion_restored,Restoration vs Original,barrel_distortion_restored.png,sharpened_lanczos,1299.9346,36.0546,17.1475,16.9916,0.873858,93.28
brightness_contrast,Distortions vs Original,brightness_contrast.png,nearest,1676.3445,40.9432,24.6593,15.8872,0.863266,90.33
brightness_contrast,Distortions vs Original,brightness_contrast.png,bilinear,1411.4667,37.5695,23.6471,16.6341,0.878036,90.73
brightness_contrast,Distortions vs Original,brightness_contrast.png,bicubic,1447.2535,38.0428,23.5334,16.5254,0.877554,90.77
brightness_contrast,Distortions vs Original,brightness_contrast.png,lanczos,1454.3341,38.1357,23.5134,16.5042,0.877567,90.78
brightness_contrast,Distortions vs Original,brightness_contrast.png,sharpened_lanczos,1819.9573,42.6610,25.6889,15.5302,0.858578,89.93
brightness_contrast_restored,Restoration vs Original,brightness_contrast_restored.png,nearest,1047.7456,32.3689,22.7677,17.9282,0.897412,91.07
brightness_contrast_restored,Restoration vs Original,brightness_contrast_restored.png,bilinear,897.2909,29.9548,22.5644,18.6015,0.908157,91.15
brightness_contrast_restored,Restoration vs Original,brightness_contrast_restored.png,bicubic,885.0305,29.7495,21.9984,18.6612,0.910462,91.37
brightness_contrast_restored,Restoration vs Original,brightness_contrast_restored.png,lanczos,881.7557,29.6944,21.8757,18.6773,0.911126,91.42
brightness_contrast_restored,Restoration vs Original,brightness_contrast_restored.png,sharpened_lanczos,1235.2305,35.1458,24.4276,17.2133,0.887612,90.42
gaussian_blur,Distortions vs Original,gaussian_blur.png,nearest,965.6611,31.0751,17.5108,18.2826,0.881254,93.13
gaussian_blur,Distortions vs Original,gaussian_blur.png,bilinear,976.9081,31.2555,17.7041,18.2323,0.879503,93.06
gaussian_blur,Distortions vs Original,gaussian_blur.png,bicubic,946.1782,30.7600,17.3228,18.3711,0.883634,93.21
gaussian_blur,Distortions vs Original,gaussian_blur.png,lanczos,940.5980,30.6692,17.2614,18.3968,0.884357,93.23
gaussian_blur,Distortions vs Original,gaussian_blur.png,sharpened_lanczos,897.3318,29.9555,16.8774,18.6013,0.890215,93.38
gaussian_blur_restored,Restoration vs Original,gaussian_blur_restored.png,nearest,682.9805,26.1339,14.2652,19.7867,0.921915,94.41
gaussian_blur_restored,Restoration vs Original,gaussian_blur_restored.png,bilinear,679.9738,26.0763,14.2865,19.8059,0.921561,94.40
gaussian_blur_restored,Restoration vs Original,gaussian_blur_restored.png,bicubic,646.3363,25.4231,13.8843,20.0262,0.926047,94.56
gaussian_blur_restored,Restoration vs Original,gaussian_blur_restored.png,lanczos,637.7358,25.2534,13.7789,20.0844,0.927117,94.60
gaussian_blur_restored,Restoration vs Original,gaussian_blur_restored.png,sharpened_lanczos,567.0397,23.8126,13.0975,20.5947,0.936772,94.86
gaussian_noise,Distortions vs Original,gaussian_noise.png,nearest,320.6220,17.9059,12.4890,23.0709,0.967347,95.10
gaussian_noise,Distortions vs Original,gaussian_noise.png,bilinear,246.3849,15.6967,11.4191,24.2147,0.972568,95.52
gaussian_noise,Distortions vs Original,gaussian_noise.png,bicubic,188.6948,13.7366,10.3075,25.3732,0.980754,95.96
gaussian_noise,Distortions vs Original,gaussian_noise.png,lanczos,169.1051,13.0040,9.9755,25.8492,0.983569,96.09
gaussian_noise,Distortions vs Original,gaussian_noise.png,sharpened_lanczos,310.0460,17.6081,13.1778,23.2165,0.975510,94.83
gaussian_noise_restored,Restoration vs Original,gaussian_noise_restored.png,nearest,339.5020,18.4256,12.6820,22.8224,0.962440,95.03
gaussian_noise_restored,Restoration vs Original,gaussian_noise_restored.png,bilinear,312.9300,17.6898,12.4613,23.1763,0.963867,95.11
gaussian_noise_restored,Restoration vs Original,gaussian_noise_restored.png,bicubic,248.5697,15.7661,11.2889,24.1763,0.972366,95.57
gaussian_noise_restored,Restoration vs Original,gaussian_noise_restored.png,lanczos,223.8457,14.9615,10.8758,24.6313,0.975503,95.73
gaussian_noise_restored,Restoration vs Original,gaussian_noise_restored.png,sharpened_lanczos,202.5039,14.2304,10.9154,25.0665,0.980806,95.72
original,Distortions vs Original,original.png,nearest,220.8784,14.8620,7.1610,24.6893,0.976723,97.19
original,Distortions vs Original,original.png,bilinear,163.4758,12.7858,6.3842,25.9963,0.982120,97.50
original,Distortions vs Original,original.png,bicubic,97.3954,9.8689,4.8489,28.2454,0.989627,98.10
original,Distortions vs Original,original.png,lanczos,70.9715,8.4245,4.1371,29.6200,0.992508,98.38
original,Distortions vs Original,original.png,sharpened_lanczos,133.6529,11.5608,6.3612,26.8710,0.987052,97.51
perspective_warp,Distortions vs Original,perspective_warp.png,nearest,3931.0962,62.6985,34.9027,12.1857,0.553186,86.31
perspective_warp,Distortions vs Original,perspective_warp.png,bilinear,3623.5459,60.1959,33.3070,12.5395,0.573725,86.94
perspective_warp,Distortions vs Original,perspective_warp.png,bicubic,3834.8474,61.9261,34.4373,12.2933,0.559452,86.50
perspective_warp,Distortions vs Original,perspective_warp.png,lanczos,3908.8716,62.5210,34.8191,12.2103,0.554859,86.35
perspective_warp,Distortions vs Original,perspective_warp.png,sharpened_lanczos,4680.3306,68.4129,38.5619,11.4280,0.513948,84.88
perspective_warp_restored,Restoration vs Original,perspective_warp_restored.png,nearest,225.5221,15.0174,7.3421,24.5989,0.976386,97.12
perspective_warp_restored,Restoration vs Original,perspective_warp_restored.png,bilinear,148.6739,12.1932,6.0525,26.4085,0.983796,97.63
perspective_warp_restored,Restoration vs Original,perspective_warp_restored.png,bicubic,89.6548,9.4686,4.6960,28.6051,0.990494,98.16
perspective_warp_restored,Restoration vs Original,perspective_warp_restored.png,lanczos,66.1642,8.1341,4.0687,29.9246,0.993052,98.40
perspective_warp_restored,Restoration vs Original,perspective_warp_restored.png,sharpened_lanczos,176.5851,13.2885,7.4112,25.6613,0.983149,97.09
pixelation,Distortions vs Original,pixelation.png,nearest,1806.9668,42.5084,25.7326,15.5613,0.764025,89.91
pixelation,Distortions vs Original,pixelation.png,bilinear,1783.8193,42.2353,25.6147,15.6173,0.766255,89.96
pixelation,Distortions vs Original,pixelation.png,bicubic,1795.1514,42.3692,25.6504,15.5898,0.765300,89.94
pixelation,Distortions vs Original,pixelation.png,lanczos,1801.0791,42.4391,25.6974,15.5755,0.764747,89.92
pixelation,Distortions vs Original,pixelation.png,sharpened_lanczos,1862.7449,43.1595,26.1279,15.4293,0.759406,89.75
pixelation_restored,Restoration vs Original,pixelation_restored.png,nearest,1882.3013,43.3855,26.3601,15.3839,0.756928,89.66
pixelation_restored,Restoration vs Original,pixelation_restored.png,bilinear,1827.4486,42.7487,26.0064,15.5124,0.762211,89.80
pixelation_restored,Restoration vs Original,pixelation_restored.png,bicubic,1855.9264,43.0805,26.1681,15.4452,0.759654,89.74
pixelation_restored,Restoration vs Original,pixelation_restored.png,lanczos,1870.0109,43.2436,26.2861,15.4124,0.758197,89.69
pixelation_restored,Restoration vs Original,pixelation_restored.png,sharpened_lanczos,2048.7932,45.2636,27.5878,15.0158,0.741696,89.18
rotation,Distortions vs Original,rotation.png,nearest,3949.2874,62.8434,35.6770,12.1656,0.585127,86.01
rotation,Distortions vs Original,rotation.png,bilinear,3608.4553,60.0704,34.4236,12.5576,0.606055,86.50
rotation,Distortions vs Original,rotation.png,bicubic,3835.6038,61.9323,35.3017,12.2925,0.592551,86.16
rotation,Distortions vs Original,rotation.png,lanczos,3915.6904,62.5755,35.6167,12.2027,0.587830,86.03
rotation,Distortions vs Original,rotation.png,sharpened_lanczos,4783.7642,69.1648,39.3168,11.3331,0.541357,84.58
rotation_restored,Restoration vs Original,rotation_restored.png,nearest,223.9990,14.9666,7.3198,24.6283,0.976536,97.13
rotation_restored,Restoration vs Original,rotation_restored.png,bilinear,147.8954,12.1612,6.0442,26.4313,0.983873,97.63
rotation_restored,Restoration vs Original,rotation_restored.png,bicubic,88.3866,9.4014,4.6625,28.6669,0.990622,98.17
rotation_restored,Restoration vs Original,rotation_restored.png,lanczos,64.6592,8.0411,4.0280,30.0245,0.993205,98.42
rotation_restored,Restoration vs Original,rotation_restored.png,sharpened_lanczos,173.8463,13.1851,7.3763,25.7291,0.983406,97.11
salt_and_pepper,Distortions vs Original,salt_and_pepper.png,nearest,408.6971,20.2163,11.4336,22.0168,0.955246,95.52
salt_and_pepper,Distortions vs Original,salt_and_pepper.png,bilinear,285.4232,16.8945,10.4038,23.5759,0.967163,95.92
salt_and_pepper,Distortions vs Original,salt_and_pepper.png,bicubic,252.2808,15.8833,9.4257,24.1120,0.971681,96.30
salt_and_pepper,Distortions vs Original,salt_and_pepper.png,lanczos,244.1036,15.6238,9.1749,24.2551,0.972772,96.40
salt_and_pepper,Distortions vs Original,salt_and_pepper.png,sharpened_lanczos,536.5887,23.1644,13.2435,20.8344,0.945741,94.81
salt_and_pepper_restored,Restoration vs Original,salt_and_pepper_restored.png,nearest,249.3695,15.7914,7.6088,24.1624,0.973281,97.02
salt_and_pepper_restored,Restoration vs Original,salt_and_pepper_restored.png,bilinear,217.0715,14.7333,7.3221,24.7648,0.976024,97.13
salt_and_pepper_restored,Restoration vs Original,salt_and_pepper_restored.png,bicubic,146.2240,12.0923,5.9054,26.4806,0.984205,97.68
salt_and_pepper_restored,Restoration vs Original,salt_and_pepper_restored.png,lanczos,117.1487,10.8235,5.2511,27.4434,0.987438,97.94
salt_and_pepper_restored,Restoration vs Original,salt_and_pepper_restored.png,sharpened_lanczos,101.7679,10.0880,5.4301,28.0547,0.989943,97.87