group,method,image_path,true_label,prediction,is_correct,confusion_type,tumor_probability
clean,original,"C:\Users\micha\OneDrive\שולחן העבודה\wordsFiles\Brain_Mri\data\Data 1 with distortion\all_images\no_tumor__14 no_28\distortions\original.png",no_tumor,no_tumor,True,FF,0.203065
clean,original,"C:\Users\micha\OneDrive\שולחן העבודה\wordsFiles\Brain_Mri\data\Data 1 with distortion\all_images\no_tumor__19 no_16\distortions\original.png",no_tumor,no_tumor,True,FF,0.133013
clean,original,"C:\Users\micha\OneDrive\שולחן העבודה\wordsFiles\Brain_Mri\data\Data 1 with distortion\all_images\no_tumor__20 no_19\distortions\original.png",no_tumor,no_tumor,True,FF,0.462309
clean,original,"C:\Users\micha\OneDrive\שולחן העבודה\wordsFiles\Brain_Mri\data\Data 1 with distortion\all_images\no_tumor__27 no_2\distortions\original.png",no_tumor,no_tumor,True,FF,0.351289
clean,original,"C:\Users\micha\OneDrive\שולחן העבודה\wordsFiles\Brain_Mri\data\Data 1 with distortion\all_images\no_tumor__32 no_1\distortions\original.png",no_tumor,no_tumor,True,FF,0.118261
clean,original,"C:\Users\micha\OneDrive\שולחן העבודה\wordsFiles\Brain_Mri\data\Data 1 with distortion\all_images\no_tumor__34 no_0\distortions\original.png",no_tumor,tumor,False,FT,0.876518
clean,original,"C:\Users\micha\OneDrive\שולחן העבודה\wordsFiles\Brain_Mri\data\Data 1 with distortion\all_images\no_tumor__39 no_11\distortions\original.png",no_tumor,no_tumor,True,FF,0.432744
clean,original,"C:\Users\micha\OneDrive\שולחן העבודה\wordsFiles\Brain_Mri\data\Data 1 with distortion\all_images\no_tumor__N11_25\distortions\original.png",no_tumor,no_tumor,True,FF,0.492828
clean,original,"C:\Users\micha\OneDrive\שולחן העבודה\wordsFiles\Brain_Mri\data\Data 1 with distortion\all_images\no_tumor__N15_10\distortions\original.png",no_tumor,no_tumor,True,FF,0.403254
clean,original,"C:\Users\micha\OneDrive\שולחן העבודה\wordsFiles\Brain_Mri\data\Data 1 with distortion\all_images\no_tumor__N16_26\distortions\original.png",no_tumor,tumor,False,FT,0.768871
clean,original,"C:\Users\micha\OneDrive\שולחן העבודה\wordsFiles\Brain_Mri\data\Data 1 with distortion\all_images\no_tumor__N17_7\distortions\original.png",no_tumor,tumor,False,FT,0.763322
clean,original,"C:\Users\micha\OneDrive\שולחן העבודה\wordsFiles\Brain_Mri\data\Data 1 with distortion\all_images\no_tumor__N21_34\distortions\original.png",no_tumor,no_tumor,True,FF,0.132207
clean,original,"C:\Users\micha\OneDrive\שולחן העבודה\wordsFiles\Brain_Mri\data\Data 1 with distortion\all_images\no_tumor__N22_31\distortions\original.png",no_tumor,tumor,False,FT,0.667558
clean,original,"C:\Users\micha\OneDrive\שולחן העבודה\wordsFiles\Brain_Mri\data\Data 1 with distortion\all_images\no_tumor__N26_21\distortions\original.png",no_tumor,tumor,False,FT,0.802426
clean,original,"C:\Users\micha\OneDrive\שולחן העבודה\wordsFiles\Brain_Mri\data\Data 1 with distortion\all_images\no_tumor__No21_6\distortions\original.png",no_tumor,no_tumor,True,FF,0.477169
clean,original,"C:\Users\micha\OneDrive\שולחן העבודה\wordsFiles\Brain_Mri\data\Data 1 with distortion\all_images\tumor__Y115_5\distortions\original.png",tumor,tumor,True,TT,0.795122
clean,original,"C:\Users\micha\OneDrive\שולחן העבודה\wordsFiles\Brain_Mri\data\Data 1 with distortion\all_images\tumor__Y116_17\distortions\original.png",tumor,tumor,True,TT,0.612975
clean,original,"C:\Users\micha\OneDrive\שולחן העבודה\wordsFiles\Brain_Mri\data\Data 1 with distortion\all_images\tumor__Y155_24\distortions\original.png",tumor,tumor,True,TT,0.975384
clean,original,"C:\Users\micha\OneDrive\שולחן העבודה\wordsFiles\Brain_Mri\data\Data 1 with distortion\all_images\tumor__Y162_27\distortions\original.png",tumor,no_tumor,False,TF,0.440014
clean,original,"C:\Users\micha\OneDrive\שולחן העבודה\wordsFiles\Brain_Mri\data\Data 1 with distortion\all_images\tumor__Y180_33\distortions\original.png",tumor,tumor,True,TT,0.999135
clean,original,"C:\Users\micha\OneDrive\שולחן העבודה\wordsFiles\Brain_Mri\data\Data 1 with distortion\all_images\tumor__Y1_22\distortions\original.png",tumor,tumor,True,TT,0.675747
clean,original,"C:\Users\micha\OneDrive\שולחן העבודה\wordsFiles\Brain_Mri\data\Data 1 with distortion\all_images\tumor__Y20_15\distortions\original.png",tumor,tumor,True,TT,0.744671
clean,original,"C:\Users\micha\OneDrive\שולחן העבודה\wordsFiles\Brain_Mri\data\Data 1 with distortion\all_images\tumor__Y21_36\distortions\original.png",tumor,tumor,True,TT,0.724459
clean,original,"C:\Users\micha\OneDrive\שולחן העבודה\wordsFiles\Brain_Mri\data\Data 1 with distortion\all_images\tumor__Y257_9\distortions\original.png",tumor,tumor,True,TT,0.810258
clean,original,"C:\Users\micha\OneDrive\שולחן העבודה\wordsFiles\Brain_Mri\data\Data 1 with distortion\all_images\tumor__Y258_32\distortions\original.png",tumor,tumor,True,TT,0.714545
clean,original,"C:\Users\micha\OneDrive\שולחן העבודה\wordsFiles\Brain_Mri\data\Data 1 with distortion\all_images\tumor__Y35_37\distortions\original.png",tumor,tumor,True,TT,0.688254
clean,original,"C:\Users\micha\OneDrive\שולחן העבודה\wordsFiles\Brain_Mri\data\Data 1 with distortion\all_images\tumor__Y36_23\distortions\original.png",tumor,tumor,True,TT,0.945327
clean,original,"C:\Users\micha\OneDrive\שולחן העבודה\wordsFiles\Brain_Mri\data\Data 1 with distortion\all_images\tumor__Y37_20\distortions\original.png",tumor,tumor,True,TT,0.967744
clean,original,"C:\Users\micha\OneDrive\שולחן העבודה\wordsFiles\Brain_Mri\data\Data 1 with distortion\all_images\tumor__Y3_35\distortions\original.png",tumor,tumor,True,TT,0.756454
clean,original,"C:\Users\micha\OneDrive\שולחן העבודה\wordsFiles\Brain_Mri\data\Data 1 with distortion\all_images\tumor__Y41_14\distortions\original.png",tumor,tumor,True,TT,0.948792
clean,original,"C:\Users\micha\OneDrive\שולחן העבודה\wordsFiles\Brain_Mri\data\Data 1 with distortion\all_images\tumor__Y54_18\distortions\original.png",tumor,tumor,True,TT,0.919216
clean,original,"C:\Users\micha\OneDrive\שולחן העבודה\wordsFiles\Brain_Mri\data\Data 1 with distortion\all_images\tumor__Y61_12\distortions\original.png",tumor,tumor,True,TT,0.723770
clean,original,"C:\Users\micha\OneDrive\שולחן העבודה\wordsFiles\Brain_Mri\data\Data 1 with distortion\all_images\tumor__Y6_4\distortions\original.png",tumor,tumor,True,TT,0.754761
clean,original,"C:\Users\micha\OneDrive\שולחן העבודה\wordsFiles\Brain_Mri\data\Data 1 with distortion\all_images\tumor__Y73_29\distortions\original.png",tumor,tumor,True,TT,0.814346
clean,original,"C:\Users\micha\OneDrive\שולחן העבודה\wordsFiles\Brain_Mri\data\Data 1 with distortion\all_images\tumor__Y78_30\distortions\original.png",tumor,tumor,True,TT,0.566041
clean,original,"C:\Users\micha\OneDrive\שולחן העבודה\wordsFiles\Brain_Mri\data\Data 1 with distortion\all_images\tumor__Y79_13\distortions\original.png",tumor,tumor,True,TT,0.957516
clean,original,"C:\Users\micha\OneDrive\שולחן העבודה\wordsFiles\Brain_Mri\data\Data 1 with distortion\all_images\tumor__Y90_3\distortions\original.png",tumor,no_tumor,False,TF,0.243235
clean,original,"C:\Users\micha\OneDrive\שולחן העבודה\wordsFiles\Brain_Mri\data\Data 1 with distortion\all_images\tumor__Y95_8\distortions\original.png",tumor,no_tumor,False,TF,0.415774
distorted,gaussian_noise,"C:\Users\micha\OneDrive\שולחן העבודה\wordsFiles\Brain_Mri\data\Data 1 with distortion\all_images\no_tumor__14 no_28\distortions\gaussian_noise.png",no_tumor,tumor,False,FT,0.521227
distorted,gaussian_noise,"C:\Users\micha\OneDrive\שולחן העבודה\wordsFiles\Brain_Mri\data\Data 1 with distortion\all_images\no_tumor__19 no_16\distortions\gaussian_noise.png",no_tumor,no_tumor,True,FF,0.434188
distorted,gaussian_noise,"C:\Users\micha\OneDrive\שולחן העבודה\wordsFiles\Brain_Mri\data\Data 1 with distortion\all_images\no_tumor__20 no_19\distortions\gaussian_noise.png",no_tumor,tumor,False,FT,0.752032
distorted,gaussian_noise,"C:\Users\micha\OneDrive\שולחן העבודה\wordsFiles\Brain_Mri\data\Data 1 with distortion\all_images\no_tumor__27 no_2\distortions\gaussian_noise.png",no_tumor,no_tumor,True,FF,0.356227
distorted,gaussian_noise,"C:\Users\micha\OneDrive\שולחן העבודה\wordsFiles\Brain_Mri\data\Data 1 with distortion\all_images\no_tumor__32 no_1\distortions\gaussian_noise.png",no_tumor,no_tumor,True,FF,0.338540
distorted,gaussian_noise,"C:\Users\micha\OneDrive\שולחן העבודה\wordsFiles\Brain_Mri\data\Data 1 with distortion\all_images\no_tumor__34 no_0\distortions\gaussian_noise.png",no_tumor,tumor,False,FT,0.670537
distorted,gaussian_noise,"C:\Users\micha\OneDrive\שולחן העבודה\wordsFiles\Brain_Mri\data\Data 1 with distortion\all_images\no_tumor__39 no_11\distortions\gaussian_noise.png",no_tumor,tumor,False,FT,0.537305
distorted,gaussian_noise,"C:\Users\micha\OneDrive\שולחן העבודה\wordsFiles\Brain_Mri\data\Data 1 with distortion\all_images\no_tumor__N11_25\distortions\gaussian_noise.png",no_tumor,no_tumor,True,FF,0.488159
distorted,gaussian_noise,"C:\Users\micha\OneDrive\שולחן העבודה\wordsFiles\Brain_Mri\data\Data 1 with distortion\all_images\no_tumor__N15_10\distortions\gaussian_noise.png",no_tumor,tumor,False,FT,0.665035
distorted,gaussian_noise,"C:\Users\micha\OneDrive\שולחן העבודה\wordsFiles\Brain_Mri\data\Data 1 with distortion\all_images\no_tumor__N16_26\distortions\gaussian_noise.png",no_tumor,tumor,False,FT,0.741893
distorted,gaussian_noise,"C:\Users\micha\OneDrive\שולחן העבודה\wordsFiles\Brain_Mri\data\Data 1 with distortion\all_images\no_tumor__N17_7\distortions\gaussian_noise.png",no_tumor,tumor,False,FT,0.738226
distorted,gaussian_noise,"C:\Users\micha\OneDrive\שולחן העבודה\wordsFiles\Brain_Mri\data\Data 1 with distortion\all_images\no_tumor__N21_34\distortions\gaussian_noise.png",no_tumor,no_tumor,True,FF,0.272787
distorted,gaussian_noise,"C:\Users\micha\OneDrive\שולחן העבודה\wordsFiles\Brain_Mri\data\Data 1 with distortion\all_images\no_tumor__N22_31\distortions\gaussian_noise.png",no_tumor,tumor,False,FT,0.680549
distorted,gaussian_noise,"C:\Users\micha\OneDrive\שולחן העבודה\wordsFiles\Brain_Mri\data\Data 1 with distortion\all_images\no_tumor__N26_21\distortions\gaussian_noise.png",no_tumor,tumor,False,FT,0.936526
distorted,gaussian_noise,"C:\Users\micha\OneDrive\שולחן העבודה\wordsFiles\Brain_Mri\data\Data 1 with distortion\all_images\no_tumor__No21_6\distortions\gaussian_noise.png",no_tumor,tumor,False,FT,0.590410
distorted,gaussian_noise,"C:\Users\micha\OneDrive\שולחן העבודה\wordsFiles\Brain_Mri\data\Data 1 with distortion\all_images\tumor__Y115_5\distortions\gaussian_noise.png",tumor,tumor,True,TT,0.887902
distorted,gaussian_noise,"C:\Users\micha\OneDrive\שולחן העבודה\wordsFiles\Brain_Mri\data\Data 1 with distortion\all_images\tumor__Y116_17\distortions\gaussian_noise.png",tumor,tumor,True,TT,0.760461
distorted,gaussian_noise,"C:\Users\micha\OneDrive\שולחן העבודה\wordsFiles\Brain_Mri\data\Data 1 with distortion\all_images\tumor__Y155_24\distortions\gaussian_noise.png",tumor,tumor,True,TT,0.961895
distorted,gaussian_noise,"C:\Users\micha\OneDrive\שולחן העבודה\wordsFiles\Brain_Mri\data\Data 1 with distortion\all_images\tumor__Y162_27\distortions\gaussian_noise.png",tumor,tumor,True,TT,0.629034
distorted,gaussian_noise,"C:\Users\micha\OneDrive\שולחן העבודה\wordsFiles\Brain_Mri\data\Data 1 with distortion\all_images\tumor__Y180_33\distortions\gaussian_noise.png",tumor,tumor,True,TT,0.991642
distorted,gaussian_noise,"C:\Users\micha\OneDrive\שולחן העבודה\wordsFiles\Brain_Mri\data\Data 1 with distortion\all_images\tumor__Y1_22\distortions\gaussian_noise.png",tumor,tumor,True,TT,0.810243
distorted,gaussian_noise,"C:\Users\micha\OneDrive\שולחן העבודה\wordsFiles\Brain_Mri\data\Data 1 with distortion\all_images\tumor__Y20_15\distortions\gaussian_noise.png",tumor,tumor,True,TT,0.698253
distorted,gaussian_noise,"C:\Users\micha\OneDrive\שולחן העבודה\wordsFiles\Brain_Mri\data\Data 1 with distortion\all_images\tumor__Y21_36\distortions\gaussian_noise.png",tumor,tumor,True,TT,0.904099
distorted,gaussian_noise,"C:\Users\micha\OneDrive\שולחן העבודה\wordsFiles\Brain_Mri\data\Data 1 with distortion\all_images\tumor__Y257_9\distortions\gaussian_noise.png",tumor,tumor,True,TT,0.593107
distorted,gaussian_noise,"C:\Users\micha\OneDrive\שולחן העבודה\wordsFiles\Brain_Mri\data\Data 1 with distortion\all_images\tumor__Y258_32\distortions\gaussian_noise.png",tumor,tumor,True,TT,0.563085
distorted,gaussian_noise,"C:\Users\micha\OneDrive\שולחן העבודה\wordsFiles\Brain_Mri\data\Data 1 with distortion\all_images\tumor__Y35_37\distortions\gaussian_noise.png",tumor,tumor,True,TT,0.734251
distorted,gaussian_noise,"C:\Users\micha\OneDrive\שולחן העבודה\wordsFiles\Brain_Mri\data\Data 1 with distortion\all_images\tumor__Y36_23\distortions\gaussian_noise.png",tumor,tumor,True,TT,0.963777
distorted,gaussian_noise,"C:\Users\micha\OneDrive\שולחן העבודה\wordsFiles\Brain_Mri\data\Data 1 with distortion\all_images\tumor__Y37_20\distortions\gaussian_noise.png",tumor,tumor,True,TT,0.956250
distorted,gaussian_noise,"C:\Users\micha\OneDrive\שולחן העבודה\wordsFiles\Brain_Mri\data\Data 1 with distortion\all_images\tumor__Y3_35\distortions\gaussian_noise.png",tumor,tumor,True,TT,0.615744
distorted,gaussian_noise,"C:\Users\micha\OneDrive\שולחן העבודה\wordsFiles\Brain_Mri\data\Data 1 with distortion\all_images\tumor__Y41_14\distortions\gaussian_noise.png",tumor,tumor,True,TT,0.924360
distorted,gaussian_noise,"C:\Users\micha\OneDrive\שולחן העבודה\wordsFiles\Brain_Mri\data\Data 1 with distortion\all_images\tumor__Y54_18\distortions\gaussian_noise.png",tumor,tumor,True,TT,0.738946
distorted,gaussian_noise,"C:\Users\micha\OneDrive\שולחן העבודה\wordsFiles\Brain_Mri\data\Data 1 with distortion\all_images\tumor__Y61_12\distortions\gaussian_noise.png",tumor,tumor,True,TT,0.755742
distorted,gaussian_noise,"C:\Users\micha\OneDrive\שולחן העבודה\wordsFiles\Brain_Mri\data\Data 1 with distortion\all_images\tumor__Y6_4\distortions\gaussian_noise.png",tumor,tumor,True,TT,0.619539
distorted,gaussian_noise,"C:\Users\micha\OneDrive\שולחן העבודה\wordsFiles\Brain_Mri\data\Data 1 with distortion\all_images\tumor__Y73_29\distortions\gaussian_noise.png",tumor,tumor,True,TT,0.897514
distorted,gaussian_noise,"C:\Users\micha\OneDrive\שולחן העבודה\wordsFiles\Brain_Mri\data\Data 1 with distortion\all_images\tumor__Y78_30\distortions\gaussian_noise.png",tumor,tumor,True,TT,0.551785
distorted,gaussian_noise,"C:\Users\micha\OneDrive\שולחן העבודה\wordsFiles\Brain_Mri\data\Data 1 with distortion\all_images\tumor__Y79_13\distortions\gaussian_noise.png",tumor,tumor,True,TT,0.890463
distorted,gaussian_noise,"C:\Users\micha\OneDrive\שולחן העבודה\wordsFiles\Brain_Mri\data\Data 1 with distortion\all_images\tumor__Y90_3\distortions\gaussian_noise.png",tumor,tumor,True,TT,0.563784
distorted,gaussian_noise,"C:\Users\micha\OneDrive\שולחן העבודה\wordsFiles\Brain_Mri\data\Data 1 with distortion\all_images\tumor__Y95_8\distortions\gaussian_noise.png",tumor,no_tumor,False,TF,0.492217
distorted,salt_and_pepper,"C:\Users\micha\OneDrive\שולחן העבודה\wordsFiles\Brain_Mri\data\Data 1 with distortion\all_images\no_tumor__14 no_28\distortions\salt_and_pepper.png",no_tumor,no_tumor,True,FF,0.006709
distorted,salt_and_pepper,"C:\Users\micha\OneDrive\שולחן העבודה\wordsFiles\Brain_Mri\data\Data 1 with distortion\all_images\no_tumor__19 no_16\distortions\salt_and_pepper.png",no_tumor,no_tumor,True,FF,0.001116
distorted,salt_and_pepper,"C:\Users\micha\OneDrive\שולחן העבודה\wordsFiles\Brain_Mri\data\Data 1 with distortion\all_images\no_tumor__20 no_19\distortions\salt_and_pepper.png",no_tumor,no_tumor,True,FF,0.065097
distorted,salt_and_pepper,"C:\Users\micha\OneDrive\שולחן העבודה\wordsFiles\Brain_Mri\data\Data 1 with distortion\all_images\no_tumor__27 no_2\distortions\salt_and_pepper.png",no_tumor,no_tumor,True,FF,0.005698
distorted,salt_and_pepper,"C:\Users\micha\OneDrive\שולחן העבודה\wordsFiles\Brain_Mri\data\Data 1 with distortion\all_images\no_tumor__32 no_1\distortions\salt_and_pepper.png",no_tumor,no_tumor,True,FF,0.001368
distorted,salt_and_pepper,"C:\Users\micha\OneDrive\שולחן העבודה\wordsFiles\Brain_Mri\data\Data 1 with distortion\all_images\no_tumor__34 no_0\distortions\salt_and_pepper.png",no_tumor,no_tumor,True,FF,0.019155
distorted,salt_and_pepper,"C:\Users\micha\OneDrive\שולחן העבודה\wordsFiles\Brain_Mri\data\Data 1 with distortion\all_images\no_tumor__39 no_11\distortions\salt_and_pepper.png",no_tumor,no_tumor,True,FF,0.005017
distorted,salt_and_pepper,"C:\Users\micha\OneDrive\שולחן העבודה\wordsFiles\Brain_Mri\data\Data 1 with distortion\all_images\no_tumor__N11_25\distortions\salt_and_pepper.png",no_tumor,no_tumor,True,FF,0.005904
distorted,salt_and_pepper,"C:\Users\micha\OneDrive\שולחן העבודה\wordsFiles\Brain_Mri\data\Data 1 with distortion\all_images\no_tumor__N15_10\distortions\salt_and_pepper.png",no_tumor,no_tumor,True,FF,0.020753
distorted,salt_and_pepper,"C:\Users\micha\OneDrive\שולחן העבודה\wordsFiles\Brain_Mri\data\Data 1 with distortion\all_images\no_tumor__N16_26\distortions\salt_and_pepper.png",no_tumor,no_tumor,True,FF,0.012032
distorted,salt_and_pepper,"C:\Users\micha\OneDrive\שולחן העבודה\wordsFiles\Brain_Mri\data\Data 1 with distortion\all_images\no_tumor__N17_7\distortions\salt_and_pepper.png",no_tumor,no_tumor,True,FF,0.011609
distorted,salt_and_pepper,"C:\Users\micha\OneDrive\שולחן העבודה\wordsFiles\Brain_Mri\data\Data 1 with distortion\all_images\no_tumor__N21_34\distortions\salt_and_pepper.png",no_tumor,no_tumor,True,FF,0.003801
distorted,salt_and_pepper,"C:\Users\micha\OneDrive\שולחן העבודה\wordsFiles\Brain_Mri\data\Data 1 with distortion\all_images\no_tumor__N22_31\distortions\salt_and_pepper.png",no_tumor,no_tumor,True,FF,0.006436
distorted,salt_and_pepper,"C:\Users\micha\OneDrive\שולחן העבודה\wordsFiles\Brain_Mri\data\Data 1 with distortion\all_images\no_tumor__N26_21\distortions\salt_and_pepper.png",no_tumor,no_tumor,True,FF,0.143489
distorted,salt_and_pepper,"C:\Users\micha\OneDrive\שולחן העבודה\wordsFiles\Brain_Mri\data\Data 1 with distortion\all_images\no_tumor__No21_6\distortions\salt_and_pepper.png",no_tumor,no_tumor,True,FF,0.005050
distorted,salt_and_pepper,"C:\Users\micha\OneDrive\שולחן העבודה\wordsFiles\Brain_Mri\data\Data 1 with distortion\all_images\tumor__Y115_5\distortions\salt_and_pepper.png",tumor,no_tumor,False,TF,0.087169
distorted,salt_and_pepper,"C:\Users\micha\OneDrive\שולחן העבודה\wordsFiles\Brain_Mri\data\Data 1 with distortion\all_images\tumor__Y116_17\distortions\salt_and_pepper.png",tumor,no_tumor,False,TF,0.040493
distorted,salt_and_pepper,"C:\Users\micha\OneDrive\שולחן העבודה\wordsFiles\Brain_Mri\data\Data 1 with distortion\all_images\tumor__Y155_24\distortions\salt_and_pepper.png",tumor,no_tumor,False,TF,0.288029
distorted,salt_and_pepper,"C:\Users\micha\OneDrive\שולחן העבודה\wordsFiles\Brain_Mri\data\Data 1 with distortion\all_images\tumor__Y162_27\distortions\salt_and_pepper.png",tumor,no_tumor,False,TF,0.009415
distorted,salt_and_pepper,"C:\Users\micha\OneDrive\שולחן העבודה\wordsFiles\Brain_Mri\data\Data 1 with distortion\all_images\tumor__Y180_33\distortions\salt_and_pepper.png",tumor,tumor,True,TT,0.934118
distorted,salt_and_pepper,"C:\Users\micha\OneDrive\שולחן העבודה\wordsFiles\Brain_Mri\data\Data 1 with distortion\all_images\tumor__Y1_22\distortions\salt_and_pepper.png",tumor,no_tumor,False,TF,0.064296
distorted,salt_and_pepper,"C:\Users\micha\OneDrive\שולחן העבודה\wordsFiles\Brain_Mri\data\Data 1 with distortion\all_images\tumor__Y20_15\distortions\salt_and_pepper.png",tumor,no_tumor,False,TF,0.041697
distorted,salt_and_pepper,"C:\Users\micha\OneDrive\שולחן העבודה\wordsFiles\Brain_Mri\data\Data 1 with distortion\all_images\tumor__Y21_36\distortions\salt_and_pepper.png",tumor,no_tumor,False,TF,0.212245
distorted,salt_and_pepper,"C:\Users\micha\OneDrive\שולחן העבודה\wordsFiles\Brain_Mri\data\Data 1 with distortion\all_images\tumor__Y257_9\distortions\salt_and_pepper.png",tumor,no_tumor,False,TF,0.015496
distorted,salt_and_pepper,"C:\Users\micha\OneDrive\שולחן העבודה\wordsFiles\Brain_Mri\data\Data 1 with distortion\all_images\tumor__Y258_32\distortions\salt_and_pepper.png",tumor,no_tumor,False,TF,0.019020
distorted,salt_and_pepper,"C:\Users\micha\OneDrive\שולחן העבודה\wordsFiles\Brain_Mri\data\Data 1 with distortion\all_images\tumor__Y35_37\distortions\salt_and_pepper.png",tumor,no_tumor,False,TF,0.011284
distorted,salt_and_pepper,"C:\Users\micha\OneDrive\שולחן העבודה\wordsFiles\Brain_Mri\data\Data 1 with distortion\all_images\tumor__Y36_23\distortions\salt_and_pepper.png",tumor,no_tumor,False,TF,0.396148
distorted,salt_and_pepper,"C:\Users\micha\OneDrive\שולחן העבודה\wordsFiles\Brain_Mri\data\Data 1 with distortion\all_images\tumor__Y37_20\distortions\salt_and_pepper.png",tumor,tumor,True,TT,0.580482
distorted,salt_and_pepper,"C:\Users\micha\OneDrive\שולחן העבודה\wordsFiles\Brain_Mri\data\Data 1 with distortion\all_images\tumor__Y3_35\distortions\salt_and_pepper.png",tumor,no_tumor,False,TF,0.021481
distorted,salt_and_pepper,"C:\Users\micha\OneDrive\שולחן העבודה\wordsFiles\Brain_Mri\data\Data 1 with distortion\all_images\tumor__Y41_14\distortions\salt_and_pepper.png",tumor,no_tumor,False,TF,0.204976
distorted,salt_and_pepper,"C:\Users\micha\OneDrive\שולחן העבודה\wordsFiles\Brain_Mri\data\Data 1 with distortion\all_images\tumor__Y54_18\distortions\salt_and_pepper.png",tumor,no_tumor,False,TF,0.033752
distorted,salt_and_pepper,"C:\Users\micha\OneDrive\שולחן העבודה\wordsFiles\Brain_Mri\data\Data 1 with distortion\all_images\tumor__Y61_12\distortions\salt_and_pepper.png",tumor,no_tumor,False,TF,0.033266
distorted,salt_and_pepper,"C:\Users\micha\OneDrive\שולחן העבודה\wordsFiles\Brain_Mri\data\Data 1 with distortion\all_images\tumor__Y6_4\distortions\salt_and_pepper.png",tumor,no_tumor,False,TF,0.012300
distorted,salt_and_pepper,"C:\Users\micha\OneDrive\שולחן העבודה\wordsFiles\Brain_Mri\data\Data 1 with distortion\all_images\tumor__Y73_29\distortions\salt_and_pepper.png",tumor,no_tumor,False,TF,0.222185
distorted,salt_and_pepper,"C:\Users\micha\OneDrive\שולחן העבודה\wordsFiles\Brain_Mri\data\Data 1 with distortion\all_images\tumor__Y78_30\distortions\salt_and_pepper.png",tumor,no_tumor,False,TF,0.012630
distorted,salt_and_pepper,"C:\Users\micha\OneDrive\שולחן העבודה\wordsFiles\Brain_Mri\data\Data 1 with distortion\all_images\tumor__Y79_13\distortions\salt_and_pepper.png",tumor,no_tumor,False,TF,0.207723
distorted,salt_and_pepper,"C:\Users\micha\OneDrive\שולחן העבודה\wordsFiles\Brain_Mri\data\Data 1 with distortion\all_images\tumor__Y90_3\distortions\salt_and_pepper.png",tumor,no_tumor,False,TF,0.006985
distorted,salt_and_pepper,"C:\Users\micha\OneDrive\שולחן העבודה\wordsFiles\Brain_Mri\data\Data 1 with distortion\all_images\tumor__Y95_8\distortions\salt_and_pepper.png",tumor,no_tumor,False,TF,0.003697
distorted,gaussian_blur,"C:\Users\micha\OneDrive\שולחן העבודה\wordsFiles\Brain_Mri\data\Data 1 with distortion\all_images\no_tumor__14 no_28\distortions\gaussian_blur.png",no_tumor,tumor,False,FT,0.938209
distorted,gaussian_blur,"C:\Users\micha\OneDrive\שולחן העבודה\wordsFiles\Brain_Mri\data\Data 1 with distortion\all_images\no_tumor__19 no_16\distortions\gaussian_blur.png",no_tumor,tumor,False,FT,0.697111
distorted,gaussian_blur,"C:\Users\micha\OneDrive\שולחן העבודה\wordsFiles\Brain_Mri\data\Data 1 with distortion\all_images\no_tumor__20 no_19\distortions\gaussian_blur.png",no_tumor,tumor,False,FT,0.930189
distorted,gaussian_blur,"C:\Users\micha\OneDrive\שולחן העבודה\wordsFiles\Brain_Mri\data\Data 1 with distortion\all_images\no_tumor__27 no_2\distortions\gaussian_blur.png",no_tumor,tumor,False,FT,0.963911
distorted,gaussian_blur,"C:\Users\micha\OneDrive\שולחן העבודה\wordsFiles\Brain_Mri\data\Data 1 with distortion\all_images\no_tumor__32 no_1\distortions\gaussian_blur.png",no_tumor,tumor,False,FT,0.719698
distorted,gaussian_blur,"C:\Users\micha\OneDrive\שולחן העבודה\wordsFiles\Brain_Mri\data\Data 1 with distortion\all_images\no_tumor__34 no_0\distortions\gaussian_blur.png",no_tumor,tumor,False,FT,0.995275
distorted,gaussian_blur,"C:\Users\micha\OneDrive\שולחן העבודה\wordsFiles\Brain_Mri\data\Data 1 with distortion\all_images\no_tumor__39 no_11\distortions\gaussian_blur.png",no_tumor,tumor,False,FT,0.954525
distorted,gaussian_blur,"C:\Users\micha\OneDrive\שולחן העבודה\wordsFiles\Brain_Mri\data\Data 1 with distortion\all_images\no_tumor__N11_25\distortions\gaussian_blur.png",no_tumor,tumor,False,FT,0.958157
distorted,gaussian_blur,"C:\Users\micha\OneDrive\שולחן העבודה\wordsFiles\Brain_Mri\data\Data 1 with distortion\all_images\no_tumor__N15_10\distortions\gaussian_blur.png",no_tumor,tumor,False,FT,0.765632
distorted,gaussian_blur,"C:\Users\micha\OneDrive\שולחן העבודה\wordsFiles\Brain_Mri\data\Data 1 with distortion\all_images\no_tumor__N16_26\distortions\gaussian_blur.png",no_tumor,tumor,False,FT,0.972460
distorted,gaussian_blur,"C:\Users\micha\OneDrive\שולחן העבודה\wordsFiles\Brain_Mri\data\Data 1 with distortion\all_images\no_tumor__N17_7\distortions\gaussian_blur.png",no_tumor,tumor,False,FT,0.971557
distorted,gaussian_blur,"C:\Users\micha\OneDrive\שולחן העבודה\wordsFiles\Brain_Mri\data\Data 1 with distortion\all_images\no_tumor__N21_34\distortions\gaussian_blur.png",no_tumor,tumor,False,FT,0.869224
distorted,gaussian_blur,"C:\Users\micha\OneDrive\שולחן העבודה\wordsFiles\Brain_Mri\data\Data 1 with distortion\all_images\no_tumor__N22_31\distortions\gaussian_blur.png",no_tumor,tumor,False,FT,0.973713
distorted,gaussian_blur,"C:\Users\micha\OneDrive\שולחן העבודה\wordsFiles\Brain_Mri\data\Data 1 with distortion\all_images\no_tumor__N26_21\distortions\gaussian_blur.png",no_tumor,tumor,False,FT,0.949015
distorted,gaussian_blur,"C:\Users\micha\OneDrive\שולחן העבודה\wordsFiles\Brain_Mri\data\Data 1 with distortion\all_images\no_tumor__No21_6\distortions\gaussian_blur.png",no_tumor,tumor,False,FT,0.957109
distorted,gaussian_blur,"C:\Users\micha\OneDrive\שולחן העבודה\wordsFiles\Brain_Mri\data\Data 1 with distortion\all_images\tumor__Y115_5\distortions\gaussian_blur.png",tumor,tumor,True,TT,0.975511
distorted,gaussian_blur,"C:\Users\micha\OneDrive\שולחן העבודה\wordsFiles\Brain_Mri\data\Data 1 with distortion\all_images\tumor__Y116_17\distortions\gaussian_blur.png",tumor,tumor,True,TT,0.965509
distorted,gaussian_blur,"C:\Users\micha\OneDrive\שולחן העבודה\wordsFiles\Brain_Mri\data\Data 1 with distortion\all_images\tumor__Y155_24\distortions\gaussian_blur.png",tumor,tumor,True,TT,0.994698
distorted,gaussian_blur,"C:\Users\micha\OneDrive\שולחן העבודה\wordsFiles\Brain_Mri\data\Data 1 with distortion\all_images\tumor__Y162_27\distortions\gaussian_blur.png",tumor,tumor,True,TT,0.916851
distorted,gaussian_blur,"C:\Users\micha\OneDrive\שולחן העבודה\wordsFiles\Brain_Mri\data\Data 1 with distortion\all_images\tumor__Y180_33\distortions\gaussian_blur.png",tumor,tumor,True,TT,0.999637
distorted,gaussian_blur,"C:\Users\micha\OneDrive\שולחן העבודה\wordsFiles\Brain_Mri\data\Data 1 with distortion\all_images\tumor__Y1_22\distortions\gaussian_blur.png",tumor,tumor,True,TT,0.982193
distorted,gaussian_blur,"C:\Users\micha\OneDrive\שולחן העבודה\wordsFiles\Brain_Mri\data\Data 1 with distortion\all_images\tumor__Y20_15\distortions\gaussian_blur.png",tumor,tumor,True,TT,0.990134
distorted,gaussian_blur,"C:\Users\micha\OneDrive\שולחן העבודה\wordsFiles\Brain_Mri\data\Data 1 with distortion\all_images\tumor__Y21_36\distortions\gaussian_blur.png",tumor,tumor,True,TT,0.986435
distorted,gaussian_blur,"C:\Users\micha\OneDrive\שולחן העבודה\wordsFiles\Brain_Mri\data\Data 1 with distortion\all_images\tumor__Y257_9\distortions\gaussian_blur.png",tumor,tumor,True,TT,0.993711
distorted,gaussian_blur,"C:\Users\micha\OneDrive\שולחן העבודה\wordsFiles\Brain_Mri\data\Data 1 with distortion\all_images\tumor__Y258_32\distortions\gaussian_blur.png",tumor,tumor,True,TT,0.989309
distorted,gaussian_blur,"C:\Users\micha\OneDrive\שולחן העבודה\wordsFiles\Brain_Mri\data\Data 1 with distortion\all_images\tumor__Y35_37\distortions\gaussian_blur.png",tumor,tumor,True,TT,0.955335
distorted,gaussian_blur,"C:\Users\micha\OneDrive\שולחן העבודה\wordsFiles\Brain_Mri\data\Data 1 with distortion\all_images\tumor__Y36_23\distortions\gaussian_blur.png",tumor,tumor,True,TT,0.991300
distorted,gaussian_blur,"C:\Users\micha\OneDrive\שולחן העבודה\wordsFiles\Brain_Mri\data\Data 1 with distortion\all_images\tumor__Y37_20\distortions\gaussian_blur.png",tumor,tumor,True,TT,0.993455
distorted,gaussian_blur,"C:\Users\micha\OneDrive\שולחן העבודה\wordsFiles\Brain_Mri\data\Data 1 with distortion\all_images\tumor__Y3_35\distortions\gaussian_blur.png",tumor,tumor,True,TT,0.988299
distorted,gaussian_blur,"C:\Users\micha\OneDrive\שולחן העבודה\wordsFiles\Brain_Mri\data\Data 1 with distortion\all_images\tumor__Y41_14\distortions\gaussian_blur.png",tumor,tumor,True,TT,0.983595
distorted,gaussian_blur,"C:\Users\micha\OneDrive\שולחן העבודה\wordsFiles\Brain_Mri\data\Data 1 with distortion\all_images\tumor__Y54_18\distortions\gaussian_blur.png",tumor,tumor,True,TT,0.994135
distorted,gaussian_blur,"C:\Users\micha\OneDrive\שולחן העבודה\wordsFiles\Brain_Mri\data\Data 1 with distortion\all_images\tumor__Y61_12\distortions\gaussian_blur.png",tumor,tumor,True,TT,0.980436
distorted,gaussian_blur,"C:\Users\micha\OneDrive\שולחן העבודה\wordsFiles\Brain_Mri\data\Data 1 with distortion\all_images\tumor__Y6_4\distortions\gaussian_blur.png",tumor,tumor,True,TT,0.980143
distorted,gaussian_blur,"C:\Users\micha\OneDrive\שולחן העבודה\wordsFiles\Brain_Mri\data\Data 1 with distortion\all_images\tumor__Y73_29\distortions\gaussian_blur.png",tumor,tumor,True,TT,0.963105
distorted,gaussian_blur,"C:\Users\micha\OneDrive\שולחן העבודה\wordsFiles\Brain_Mri\data\Data 1 with distortion\all_images\tumor__Y78_30\distortions\gaussian_blur.png",tumor,tumor,True,TT,0.974585
distorted,gaussian_blur,"C:\Users\micha\OneDrive\שולחן העבודה\wordsFiles\Brain_Mri\data\Data 1 with distortion\all_images\tumor__Y79_13\distortions\gaussian_blur.png",tumor,tumor,True,TT,0.992397
distorted,gaussian_blur,"C:\Users\micha\OneDrive\שולחן העבודה\wordsFiles\Brain_Mri\data\Data 1 with distortion\all_images\tumor__Y90_3\distortions\gaussian_blur.png",tumor,tumor,True,TT,0.843047
distorted,gaussian_blur,"C:\Users\micha\OneDrive\שולחן העבודה\wordsFiles\Brain_Mri\data\Data 1 with distortion\all_images\tumor__Y95_8\distortions\gaussian_blur.png",tumor,tumor,True,TT,0.896963
distorted,brightness_contrast,"C:\Users\micha\OneDrive\שולחן העבודה\wordsFiles\Brain_Mri\data\Data 1 with distortion\all_images\no_tumor__14 no_28\distortions\brightness_contrast.png",no_tumor,tumor,False,FT,0.573437
distorted,brightness_contrast,"C:\Users\micha\OneDrive\שולחן העבודה\wordsFiles\Brain_Mri\data\Data 1 with distortion\all_images\no_tumor__19 no_16\distortions\brightness_contrast.png",no_tumor,no_tumor,True,FF,0.308252
distorted,brightness_contrast,"C:\Users\micha\OneDrive\שולחן העבודה\wordsFiles\Brain_Mri\data\Data 1 with distortion\all_images\no_tumor__20 no_19\distortions\brightness_contrast.png",no_tumor,tumor,False,FT,0.976979
distorted,brightness_contrast,"C:\Users\micha\OneDrive\שולחן העבודה\wordsFiles\Brain_Mri\data\Data 1 with distortion\all_images\no_tumor__27 no_2\distortions\brightness_contrast.png",no_tumor,no_tumor,True,FF,0.311821
distorted,brightness_contrast,"C:\Users\micha\OneDrive\שולחן העבודה\wordsFiles\Brain_Mri\data\Data 1 with distortion\all_images\no_tumor__32 no_1\distortions\brightness_contrast.png",no_tumor,no_tumor,True,FF,0.222266
distorted,brightness_contrast,"C:\Users\micha\OneDrive\שולחן העבודה\wordsFiles\Brain_Mri\data\Data 1 with distortion\all_images\no_tumor__34 no_0\distortions\brightness_contrast.png",no_tumor,tumor,False,FT,0.555234
distorted,brightness_contrast,"C:\Users\micha\OneDrive\שולחן העבודה\wordsFiles\Brain_Mri\data\Data 1 with distortion\all_images\no_tumor__39 no_11\distortions\brightness_contrast.png",no_tumor,tumor,False,FT,0.587416
distorted,brightness_contrast,"C:\Users\micha\OneDrive\שולחן העבודה\wordsFiles\Brain_Mri\data\Data 1 with distortion\all_images\no_tumor__N11_25\distortions\brightness_contrast.png",no_tumor,no_tumor,True,FF,0.241243
distorted,brightness_contrast,"C:\Users\micha\OneDrive\שולחן העבודה\wordsFiles\Brain_Mri\data\Data 1 with distortion\all_images\no_tumor__N15_10\distortions\brightness_contrast.png",no_tumor,tumor,False,FT,0.968272
distorted,brightness_contrast,"C:\Users\micha\OneDrive\שולחן העבודה\wordsFiles\Brain_Mri\data\Data 1 with distortion\all_images\no_tumor__N16_26\distortions\brightness_contrast.png",no_tumor,tumor,False,FT,0.677613
distorted,brightness_contrast,"C:\Users\micha\OneDrive\שולחן העבודה\wordsFiles\Brain_Mri\data\Data 1 with distortion\all_images\no_tumor__N17_7\distortions\brightness_contrast.png",no_tumor,tumor,False,FT,0.670110
distorted,brightness_contrast,"C:\Users\micha\OneDrive\שולחן העבודה\wordsFiles\Brain_Mri\data\Data 1 with distortion\all_images\no_tumor__N21_34\distortions\brightness_contrast.png",no_tumor,tumor,False,FT,0.777990
distorted,brightness_contrast,"C:\Users\micha\OneDrive\שולחן העבודה\wordsFiles\Brain_Mri\data\Data 1 with distortion\all_images\no_tumor__N22_31\distortions\brightness_contrast.png",no_tumor,tumor,False,FT,0.615229
distorted,brightness_contrast,"C:\Users\micha\OneDrive\שולחן העבודה\wordsFiles\Brain_Mri\data\Data 1 with distortion\all_images\no_tumor__N26_21\distortions\brightness_contrast.png",no_tumor,tumor,False,FT,0.979568
distorted,brightness_contrast,"C:\Users\micha\OneDrive\שולחן העבודה\wordsFiles\Brain_Mri\data\Data 1 with distortion\all_images\no_tumor__No21_6\distortions\brightness_contrast.png",no_tumor,tumor,False,FT,0.593373
distorted,brightness_contrast,"C:\Users\micha\OneDrive\שולחן העבודה\wordsFiles\Brain_Mri\data\Data 1 with distortion\all_images\tumor__Y115_5\distortions\brightness_contrast.png",tumor,tumor,True,TT,0.967289
distorted,brightness_contrast,"C:\Users\micha\OneDrive\שולחן העבודה\wordsFiles\Brain_Mri\data\Data 1 with distortion\all_images\tumor__Y116_17\distortions\brightness_contrast.png",tumor,tumor,True,TT,0.956918
distorted,brightness_contrast,"C:\Users\micha\OneDrive\שולחן העבודה\wordsFiles\Brain_Mri\data\Data 1 with distortion\all_images\tumor__Y155_24\distortions\brightness_contrast.png",tumor,tumor,True,TT,0.990191
distorted,brightness_contrast,"C:\Users\micha\OneDrive\שולחן העבודה\wordsFiles\Brain_Mri\data\Data 1 with distortion\all_images\tumor__Y162_27\distortions\brightness_contrast.png",tumor,tumor,True,TT,0.932356
distorted,brightness_contrast,"C:\Users\micha\OneDrive\שולחן העבודה\wordsFiles\Brain_Mri\data\Data 1 with distortion\all_images\tumor__Y180_33\distortions\brightness_contrast.png",tumor,tumor,True,TT,0.998277
distorted,brightness_contrast,"C:\Users\micha\OneDrive\שולחן העבודה\wordsFiles\Brain_Mri\data\Data 1 with distortion\all_images\tumor__Y1_22\distortions\brightness_contrast.png",tumor,tumor,True,TT,0.876775
distorted,brightness_contrast,"C:\Users\micha\OneDrive\שולחן העבודה\wordsFiles\Brain_Mri\data\Data 1 with distortion\all_images\tumor__Y20_15\distortions\brightness_contrast.png",tumor,tumor,True,TT,0.627644
distorted,brightness_contrast,"C:\Users\micha\OneDrive\שולחן העבודה\wordsFiles\Brain_Mri\data\Data 1 with distortion\all_images\tumor__Y21_36\distortions\brightness_contrast.png",tumor,tumor,True,TT,0.975963
distorted,brightness_contrast,"C:\Users\micha\OneDrive\שולחן העבודה\wordsFiles\Brain_Mri\data\Data 1 with distortion\all_images\tumor__Y257_9\distortions\brightness_contrast.png",tumor,no_tumor,False,TF,0.352503
distorted,brightness_contrast,"C:\Users\micha\OneDrive\שולחן העבודה\wordsFiles\Brain_Mri\data\Data 1 with distortion\all_images\tumor__Y258_32\distortions\brightness_contrast.png",tumor,no_tumor,False,TF,0.448089
distorted,brightness_contrast,"C:\Users\micha\OneDrive\שולחן העבודה\wordsFiles\Brain_Mri\data\Data 1 with distortion\all_images\tumor__Y35_37\distortions\brightness_contrast.png",tumor,no_tumor,False,TF,0.334859
distorted,brightness_contrast,"C:\Users\micha\OneDrive\שולחן העבודה\wordsFiles\Brain_Mri\data\Data 1 with distortion\all_images\tumor__Y36_23\distortions\brightness_contrast.png",tumor,tumor,True,TT,0.988914
distorted,brightness_contrast,"C:\Users\micha\OneDrive\שולחן העבודה\wordsFiles\Brain_Mri\data\Data 1 with distortion\all_images\tumor__Y37_20\distortions\brightness_contrast.png",tumor,tumor,True,TT,0.986782
distorted,brightness_contrast,"C:\Users\micha\OneDrive\שולחן העבודה\wordsFiles\Brain_Mri\data\Data 1 with distortion\all_images\tumor__Y3_35\distortions\brightness_contrast.png",tumor,tumor,True,TT,0.754306
distorted,brightness_contrast,"C:\Users\micha\OneDrive\שולחן העבודה\wordsFiles\Brain_Mri\data\Data 1 with distortion\all_images\tumor__Y41_14\distortions\brightness_contrast.png",tumor,tumor,True,TT,0.965017
distorted,brightness_contrast,"C:\Users\micha\OneDrive\שולחן העבודה\wordsFiles\Brain_Mri\data\Data 1 with distortion\all_images\tumor__Y54_18\distortions\brightness_contrast.png",tumor,tumor,True,TT,0.915733
distorted,brightness_contrast,"C:\Users\micha\OneDrive\שולחן העבודה\wordsFiles\Brain_Mri\data\Data 1 with distortion\all_images\tumor__Y61_12\distortions\brightness_contrast.png",tumor,tumor,True,TT,0.864370
distorted,brightness_contrast,"C:\Users\micha\OneDrive\שולחן העבודה\wordsFiles\Brain_Mri\data\Data 1 with distortion\all_images\tumor__Y6_4\distortions\brightness_contrast.png",tumor,no_tumor,False,TF,0.335671
distorted,brightness_contrast,"C:\Users\micha\OneDrive\שולחן העבודה\wordsFiles\Brain_Mri\data\Data 1 with distortion\all_images\tumor__Y73_29\distortions\brightness_contrast.png",tumor,tumor,True,TT,0.988686
distorted,brightness_contrast,"C:\Users\micha\OneDrive\שולחן העבודה\wordsFiles\Brain_Mri\data\Data 1 with distortion\all_images\tumor__Y78_30\distortions\brightness_contrast.png",tumor,tumor,True,TT,0.680426
distorted,brightness_contrast,"C:\Users\micha\OneDrive\שולחן העבודה\wordsFiles\Brain_Mri\data\Data 1 with distortion\all_images\tumor__Y79_13\distortions\brightness_contrast.png",tumor,tumor,True,TT,0.983272
distorted,brightness_contrast,"C:\Users\micha\OneDrive\שולחן העבודה\wordsFiles\Brain_Mri\data\Data 1 with distortion\all_images\tumor__Y90_3\distortions\brightness_contrast.png",tumor,tumor,True,TT,0.838374
distorted,brightness_contrast,"C:\Users\micha\OneDrive\שולחן העבודה\wordsFiles\Brain_Mri\data\Data 1 with distortion\all_images\tumor__Y95_8\distortions\brightness_contrast.png",tumor,no_tumor,False,TF,0.247796
distorted,rotation,"C:\Users\micha\OneDrive\שולחן העבודה\wordsFiles\Brain_Mri\data\Data 1 with distortion\all_images\no_tumor__14 no_28\distortions\rotation.png",no_tumor,no_tumor,True,FF,0.182571
distorted,rotation,"C:\Users\micha\OneDrive\שולחן העבודה\wordsFiles\Brain_Mri\data\Data 1 with distortion\all_images\no_tumor__19 no_16\distortions\rotation.png",no_tumor,no_tumor,True,FF,0.112959
distorted,rotation,"C:\Users\micha\OneDrive\שולחן העבודה\wordsFiles\Brain_Mri\data\Data 1 with distortion\all_images\no_tumor__20 no_19\distortions\rotation.png",no_tumor,no_tumor,True,FF,0.291114
distorted,rotation,"C:\Users\micha\OneDrive\שולחן העבודה\wordsFiles\Brain_Mri\data\Data 1 with distortion\all_images\no_tumor__27 no_2\distortions\rotation.png",no_tumor,no_tumor,True,FF,0.317416
distorted,rotation,"C:\Users\micha\OneDrive\שולחן העבודה\wordsFiles\Brain_Mri\data\Data 1 with distortion\all_images\no_tumor__32 no_1\distortions\rotation.png",no_tumor,no_tumor,True,FF,0.080659
distorted,rotation,"C:\Users\micha\OneDrive\שולחן העבודה\wordsFiles\Brain_Mri\data\Data 1 with distortion\all_images\no_tumor__34 no_0\distortions\rotation.png",no_tumor,tumor,False,FT,0.847165
distorted,rotation,"C:\Users\micha\OneDrive\שולחן העבודה\wordsFiles\Brain_Mri\data\Data 1 with distortion\all_images\no_tumor__39 no_11\distortions\rotation.png",no_tumor,no_tumor,True,FF,0.339608
distorted,rotation,"C:\Users\micha\OneDrive\שולחן העבודה\wordsFiles\Brain_Mri\data\Data 1 with distortion\all_images\no_tumor__N11_25\distortions\rotation.png",no_tumor,no_tumor,True,FF,0.463014
distorted,rotation,"C:\Users\micha\OneDrive\שולחן העבודה\wordsFiles\Brain_Mri\data\Data 1 with distortion\all_images\no_tumor__N15_10\distortions\rotation.png",no_tumor,no_tumor,True,FF,0.384001
distorted,rotation,"C:\Users\micha\OneDrive\שולחן העבודה\wordsFiles\Brain_Mri\data\Data 1 with distortion\all_images\no_tumor__N16_26\distortions\rotation.png",no_tumor,tumor,False,FT,0.688702
distorted,rotation,"C:\Users\micha\OneDrive\שולחן העבודה\wordsFiles\Brain_Mri\data\Data 1 with distortion\all_images\no_tumor__N17_7\distortions\rotation.png",no_tumor,tumor,False,FT,0.689124
distorted,rotation,"C:\Users\micha\OneDrive\שולחן העבודה\wordsFiles\Brain_Mri\data\Data 1 with distortion\all_images\no_tumor__N21_34\distortions\rotation.png",no_tumor,no_tumor,True,FF,0.117976
distorted,rotation,"C:\Users\micha\OneDrive\שולחן העבודה\wordsFiles\Brain_Mri\data\Data 1 with distortion\all_images\no_tumor__N22_31\distortions\rotation.png",no_tumor,tumor,False,FT,0.631392
distorted,rotation,"C:\Users\micha\OneDrive\שולחן העבודה\wordsFiles\Brain_Mri\data\Data 1 with distortion\all_images\no_tumor__N26_21\distortions\rotation.png",no_tumor,tumor,False,FT,0.783837
distorted,rotation,"C:\Users\micha\OneDrive\שולחן העבודה\wordsFiles\Brain_Mri\data\Data 1 with distortion\all_images\no_tumor__No21_6\distortions\rotation.png",no_tumor,no_tumor,True,FF,0.370272
distorted,rotation,"C:\Users\micha\OneDrive\שולחן העבודה\wordsFiles\Brain_Mri\data\Data 1 with distortion\all_images\tumor__Y115_5\distortions\rotation.png",tumor,tumor,True,TT,0.765622
distorted,rotation,"C:\Users\micha\OneDrive\שולחן העבודה\wordsFiles\Brain_Mri\data\Data 1 with distortion\all_images\tumor__Y116_17\distortions\rotation.png",tumor,tumor,True,TT,0.574542
distorted,rotation,"C:\Users\micha\OneDrive\שולחן העבודה\wordsFiles\Brain_Mri\data\Data 1 with distortion\all_images\tumor__Y155_24\distortions\rotation.png",tumor,tumor,True,TT,0.972914
distorted,rotation,"C:\Users\micha\OneDrive\שולחן העבודה\wordsFiles\Brain_Mri\data\Data 1 with distortion\all_images\tumor__Y162_27\distortions\rotation.png",tumor,no_tumor,False,TF,0.411360
distorted,rotation,"C:\Users\micha\OneDrive\שולחן העבודה\wordsFiles\Brain_Mri\data\Data 1 with distortion\all_images\tumor__Y180_33\distortions\rotation.png",tumor,tumor,True,TT,0.997448
distorted,rotation,"C:\Users\micha\OneDrive\שולחן העבודה\wordsFiles\Brain_Mri\data\Data 1 with distortion\all_images\tumor__Y1_22\distortions\rotation.png",tumor,tumor,True,TT,0.631415
distorted,rotation,"C:\Users\micha\OneDrive\שולחן העבודה\wordsFiles\Brain_Mri\data\Data 1 with distortion\all_images\tumor__Y20_15\distortions\rotation.png",tumor,tumor,True,TT,0.716544
distorted,rotation,"C:\Users\micha\OneDrive\שולחן העבודה\wordsFiles\Brain_Mri\data\Data 1 with distortion\all_images\tumor__Y21_36\distortions\rotation.png",tumor,tumor,True,TT,0.680490
distorted,rotation,"C:\Users\micha\OneDrive\שולחן העבודה\wordsFiles\Brain_Mri\data\Data 1 with distortion\all_images\tumor__Y257_9\distortions\rotation.png",tumor,tumor,True,TT,0.789262
distorted,rotation,"C:\Users\micha\OneDrive\שולחן העבודה\wordsFiles\Brain_Mri\data\Data 1 with distortion\all_images\tumor__Y258_32\distortions\rotation.png",tumor,tumor,True,TT,0.689253
distorted,rotation,"C:\Users\micha\OneDrive\שולחן העבודה\wordsFiles\Brain_Mri\data\Data 1 with distortion\all_images\tumor__Y35_37\distortions\rotation.png",tumor,tumor,True,TT,0.580384
distorted,rotation,"C:\Users\micha\OneDrive\שולחן העבודה\wordsFiles\Brain_Mri\data\Data 1 with distortion\all_images\tumor__Y36_23\distortions\rotation.png",tumor,tumor,True,TT,0.937270
distorted,rotation,"C:\Users\micha\OneDrive\שולחן העבודה\wordsFiles\Brain_Mri\data\Data 1 with distortion\all_images\tumor__Y37_20\distortions\rotation.png",tumor,tumor,True,TT,0.911107
distorted,rotation,"C:\Users\micha\OneDrive\שולחן העבודה\wordsFiles\Brain_Mri\data\Data 1 with distortion\all_images\tumor__Y3_35\distortions\rotation.png",tumor,tumor,True,TT,0.737421
distorted,rotation,"C:\Users\micha\OneDrive\שולחן העבודה\wordsFiles\Brain_Mri\data\Data 1 with distortion\all_images\tumor__Y41_14\distortions\rotation.png",tumor,tumor,True,TT,0.941823
distorted,rotation,"C:\Users\micha\OneDrive\שולחן העבודה\wordsFiles\Brain_Mri\data\Data 1 with distortion\all_images\tumor__Y54_18\distortions\rotation.png",tumor,tumor,True,TT,0.910036
distorted,rotation,"C:\Users\micha\OneDrive\שולחן העבודה\wordsFiles\Brain_Mri\data\Data 1 with distortion\all_images\tumor__Y61_12\distortions\rotation.png",tumor,tumor,True,TT,0.675047
distorted,rotation,"C:\Users\micha\OneDrive\שולחן העבודה\wordsFiles\Brain_Mri\data\Data 1 with distortion\all_images\tumor__Y6_4\distortions\rotation.png",tumor,tumor,True,TT,0.731148
distorted,rotation,"C:\Users\micha\OneDrive\שולחן העבודה\wordsFiles\Brain_Mri\data\Data 1 with distortion\all_images\tumor__Y73_29\distortions\rotation.png",tumor,tumor,True,TT,0.787699
distorted,rotation,"C:\Users\micha\OneDrive\שולחן העבודה\wordsFiles\Brain_Mri\data\Data 1 with distortion\all_images\tumor__Y78_30\distortions\rotation.png",tumor,no_tumor,False,TF,0.482316
distorted,rotation,"C:\Users\micha\OneDrive\שולחן העבודה\wordsFiles\Brain_Mri\data\Data 1 with distortion\all_images\tumor__Y79_13\distortions\rotation.png",tumor,tumor,True,TT,0.948610
distorted,rotation,"C:\Users\micha\OneDrive\שולחן העבודה\wordsFiles\Brain_Mri\data\Data 1 with distortion\all_images\tumor__Y90_3\distortions\rotation.png",tumor,no_tumor,False,TF,0.222988
distorted,rotation,"C:\Users\micha\OneDrive\שולחן העבודה\wordsFiles\Brain_Mri\data\Data 1 with distortion\all_images\tumor__Y95_8\distortions\rotation.png",tumor,no_tumor,False,TF,0.381334
distorted,perspective_warp,"C:\Users\micha\OneDrive\שולחן העבודה\wordsFiles\Brain_Mri\data\Data 1 with distortion\all_images\no_tumor__14 no_28\distortions\perspective_warp.png",no_tumor,no_tumor,True,FF,0.077967
distorted,perspective_warp,"C:\Users\micha\OneDrive\שולחן העבודה\wordsFiles\Brain_Mri\data\Data 1 with distortion\all_images\no_tumor__19 no_16\distortions\perspective_warp.png",no_tumor,no_tumor,True,FF,0.050519
distorted,perspective_warp,"C:\Users\micha\OneDrive\שולחן העבודה\wordsFiles\Brain_Mri\data\Data 1 with distortion\all_images\no_tumor__20 no_19\distortions\perspective_warp.png",no_tumor,no_tumor,True,FF,0.056561
distorted,perspective_warp,"C:\Users\micha\OneDrive\שולחן העבודה\wordsFiles\Brain_Mri\data\Data 1 with distortion\all_images\no_tumor__27 no_2\distortions\perspective_warp.png",no_tumor,no_tumor,True,FF,0.156602
distorted,perspective_warp,"C:\Users\micha\OneDrive\שולחן העבודה\wordsFiles\Brain_Mri\data\Data 1 with distortion\all_images\no_tumor__32 no_1\distortions\perspective_warp.png",no_tumor,no_tumor,True,FF,0.038577
distorted,perspective_warp,"C:\Users\micha\OneDrive\שולחן העבודה\wordsFiles\Brain_Mri\data\Data 1 with distortion\all_images\no_tumor__34 no_0\distortions\perspective_warp.png",no_tumor,tumor,False,FT,0.572508
distorted,perspective_warp,"C:\Users\micha\OneDrive\שולחן העבודה\wordsFiles\Brain_Mri\data\Data 1 with distortion\all_images\no_tumor__39 no_11\distortions\perspective_warp.png",no_tumor,no_tumor,True,FF,0.169014
distorted,perspective_warp,"C:\Users\micha\OneDrive\שולחן העבודה\wordsFiles\Brain_Mri\data\Data 1 with distortion\all_images\no_tumor__N11_25\distortions\perspective_warp.png",no_tumor,no_tumor,True,FF,0.218251
distorted,perspective_warp,"C:\Users\micha\OneDrive\שולחן העבודה\wordsFiles\Brain_Mri\data\Data 1 with distortion\all_images\no_tumor__N15_10\distortions\perspective_warp.png",no_tumor,no_tumor,True,FF,0.167939
distorted,perspective_warp,"C:\Users\micha\OneDrive\שולחן העבודה\wordsFiles\Brain_Mri\data\Data 1 with distortion\all_images\no_tumor__N16_26\distortions\perspective_warp.png",no_tumor,no_tumor,True,FF,0.355534
distorted,perspective_warp,"C:\Users\micha\OneDrive\שולחן העבודה\wordsFiles\Brain_Mri\data\Data 1 with distortion\all_images\no_tumor__N17_7\distortions\perspective_warp.png",no_tumor,no_tumor,True,FF,0.362779
distorted,perspective_warp,"C:\Users\micha\OneDrive\שולחן העבודה\wordsFiles\Brain_Mri\data\Data 1 with distortion\all_images\no_tumor__N21_34\distortions\perspective_warp.png",no_tumor,no_tumor,True,FF,0.065494
distorted,perspective_warp,"C:\Users\micha\OneDrive\שולחן העבודה\wordsFiles\Brain_Mri\data\Data 1 with distortion\all_images\no_tumor__N22_31\distortions\perspective_warp.png",no_tumor,no_tumor,True,FF,0.311515
distorted,perspective_warp,"C:\Users\micha\OneDrive\שולחן העבודה\wordsFiles\Brain_Mri\data\Data 1 with distortion\all_images\no_tumor__N26_21\distortions\perspective_warp.png",no_tumor,no_tumor,True,FF,0.475996
distorted,perspective_warp,"C:\Users\micha\OneDrive\שולחן העבודה\wordsFiles\Brain_Mri\data\Data 1 with distortion\all_images\no_tumor__No21_6\distortions\perspective_warp.png",no_tumor,no_tumor,True,FF,0.187264
distorted,perspective_warp,"C:\Users\micha\OneDrive\שולחן העבודה\wordsFiles\Brain_Mri\data\Data 1 with distortion\all_images\tumor__Y115_5\distortions\perspective_warp.png",tumor,no_tumor,False,TF,0.413128
distorted,perspective_warp,"C:\Users\micha\OneDrive\שולחן העבודה\wordsFiles\Brain_Mri\data\Data 1 with distortion\all_images\tumor__Y116_17\distortions\perspective_warp.png",tumor,no_tumor,False,TF,0.273226
distorted,perspective_warp,"C:\Users\micha\OneDrive\שולחן העבודה\wordsFiles\Brain_Mri\data\Data 1 with distortion\all_images\tumor__Y155_24\distortions\perspective_warp.png",tumor,tumor,True,TT,0.824875
distorted,perspective_warp,"C:\Users\micha\OneDrive\שולחן העבודה\wordsFiles\Brain_Mri\data\Data 1 with distortion\all_images\tumor__Y162_27\distortions\perspective_warp.png",tumor,no_tumor,False,TF,0.173876
distorted,perspective_warp,"C:\Users\micha\OneDrive\שולחן העבודה\wordsFiles\Brain_Mri\data\Data 1 with distortion\all_images\tumor__Y180_33\distortions\perspective_warp.png",tumor,tumor,True,TT,0.984486
distorted,perspective_warp,"C:\Users\micha\OneDrive\שולחן העבודה\wordsFiles\Brain_Mri\data\Data 1 with distortion\all_images\tumor__Y1_22\distortions\perspective_warp.png",tumor,no_tumor,False,TF,0.340073
distorted,perspective_warp,"C:\Users\micha\OneDrive\שולחן העבודה\wordsFiles\Brain_Mri\data\Data 1 with distortion\all_images\tumor__Y20_15\distortions\perspective_warp.png",tumor,no_tumor,False,TF,0.385449
distorted,perspective_warp,"C:\Users\micha\OneDrive\שולחן העבודה\wordsFiles\Brain_Mri\data\Data 1 with distortion\all_images\tumor__Y21_36\distortions\perspective_warp.png",tumor,no_tumor,False,TF,0.339330
distorted,perspective_warp,"C:\Users\micha\OneDrive\שולחן העבודה\wordsFiles\Brain_Mri\data\Data 1 with distortion\all_images\tumor__Y257_9\distortions\perspective_warp.png",tumor,no_tumor,False,TF,0.437349
distorted,perspective_warp,"C:\Users\micha\OneDrive\שולחן העבודה\wordsFiles\Brain_Mri\data\Data 1 with distortion\all_images\tumor__Y258_32\distortions\perspective_warp.png",tumor,no_tumor,False,TF,0.364069
distorted,perspective_warp,"C:\Users\micha\OneDrive\שולחן העבודה\wordsFiles\Brain_Mri\data\Data 1 with distortion\all_images\tumor__Y35_37\distortions\perspective_warp.png",tumor,no_tumor,False,TF,0.242953
distorted,perspective_warp,"C:\Users\micha\OneDrive\שולחן העבודה\wordsFiles\Brain_Mri\data\Data 1 with distortion\all_images\tumor__Y36_23\distortions\perspective_warp.png",tumor,tumor,True,TT,0.732397
distorted,perspective_warp,"C:\Users\micha\OneDrive\שולחן העבודה\wordsFiles\Brain_Mri\data\Data 1 with distortion\all_images\tumor__Y37_20\distortions\perspective_warp.png",tumor,tumor,True,TT,0.500969
distorted,perspective_warp,"C:\Users\micha\OneDrive\שולחן העבודה\wordsFiles\Brain_Mri\data\Data 1 with distortion\all_images\tumor__Y3_35\distortions\perspective_warp.png",tumor,no_tumor,False,TF,0.390573
distorted,perspective_warp,"C:\Users\micha\OneDrive\שולחן העבודה\wordsFiles\Brain_Mri\data\Data 1 with distortion\all_images\tumor__Y41_14\distortions\perspective_warp.png",tumor,tumor,True,TT,0.737049
distorted,perspective_warp,"C:\Users\micha\OneDrive\שולחן העבודה\wordsFiles\Brain_Mri\data\Data 1 with distortion\all_images\tumor__Y54_18\distortions\perspective_warp.png",tumor,tumor,True,TT,0.675819
distorted,perspective_warp,"C:\Users\micha\OneDrive\שולחן העבודה\wordsFiles\Brain_Mri\data\Data 1 with distortion\all_images\tumor__Y61_12\distortions\perspective_warp.png",tumor,no_tumor,False,TF,0.358404
distorted,perspective_warp,"C:\Users\micha\OneDrive\שולחן העבודה\wordsFiles\Brain_Mri\data\Data 1 with distortion\all_images\tumor__Y6_4\distortions\perspective_warp.png",tumor,no_tumor,False,TF,0.410082
distorted,perspective_warp,"C:\Users\micha\OneDrive\שולחן העבודה\wordsFiles\Brain_Mri\data\Data 1 with distortion\all_images\tumor__Y73_29\distortions\perspective_warp.png",tumor,no_tumor,False,TF,0.414925
distorted,perspective_warp,"C:\Users\micha\OneDrive\שולחן העבודה\wordsFiles\Brain_Mri\data\Data 1 with distortion\all_images\tumor__Y78_30\distortions\perspective_warp.png",tumor,no_tumor,False,TF,0.215724
distorted,perspective_warp,"C:\Users\micha\OneDrive\שולחן העבודה\wordsFiles\Brain_Mri\data\Data 1 with distortion\all_images\tumor__Y79_13\distortions\perspective_warp.png",tumor,tumor,True,TT,0.729303
distorted,perspective_warp,"C:\Users\micha\OneDrive\שולחן העבודה\wordsFiles\Brain_Mri\data\Data 1 with distortion\all_images\tumor__Y90_3\distortions\perspective_warp.png",tumor,no_tumor,False,TF,0.105035
distorted,perspective_warp,"C:\Users\micha\OneDrive\שולחן העבודה\wordsFiles\Brain_Mri\data\Data 1 with distortion\all_images\tumor__Y95_8\distortions\perspective_warp.png",tumor,no_tumor,False,TF,0.194384
distorted,barrel_distortion,"C:\Users\micha\OneDrive\שולחן העבודה\wordsFiles\Brain_Mri\data\Data 1 with distortion\all_images\no_tumor__14 no_28\distortions\barrel_distortion.png",no_tumor,no_tumor,True,FF,0.109609
distorted,barrel_distortion,"C:\Users\micha\OneDrive\שולחן העבודה\wordsFiles\Brain_Mri\data\Data 1 with distortion\all_images\no_tumor__19 no_16\distortions\barrel_distortion.png",no_tumor,no_tumor,True,FF,0.089111
distorted,barrel_distortion,"C:\Users\micha\OneDrive\שולחן העבודה\wordsFiles\Brain_Mri\data\Data 1 with distortion\all_images\no_tumor__20 no_19\distortions\barrel_distortion.png",no_tumor,tumor,False,FT,0.921723
distorted,barrel_distortion,"C:\Users\micha\OneDrive\שולחן העבודה\wordsFiles\Brain_Mri\data\Data 1 with distortion\all_images\no_tumor__27 no_2\distortions\barrel_distortion.png",no_tumor,no_tumor,True,FF,0.202411
distorted,barrel_distortion,"C:\Users\micha\OneDrive\שולחן העבודה\wordsFiles\Brain_Mri\data\Data 1 with distortion\all_images\no_tumor__32 no_1\distortions\barrel_distortion.png",no_tumor,no_tumor,True,FF,0.384909
distorted,barrel_distortion,"C:\Users\micha\OneDrive\שולחן העבודה\wordsFiles\Brain_Mri\data\Data 1 with distortion\all_images\no_tumor__34 no_0\distortions\barrel_distortion.png",no_tumor,tumor,False,FT,0.685788
distorted,barrel_distortion,"C:\Users\micha\OneDrive\שולחן העבודה\wordsFiles\Brain_Mri\data\Data 1 with distortion\all_images\no_tumor__39 no_11\distortions\barrel_distortion.png",no_tumor,no_tumor,True,FF,0.314972
distorted,barrel_distortion,"C:\Users\micha\OneDrive\שולחן העבודה\wordsFiles\Brain_Mri\data\Data 1 with distortion\all_images\no_tumor__N11_25\distortions\barrel_distortion.png",no_tumor,no_tumor,True,FF,0.288330
distorted,barrel_distortion,"C:\Users\micha\OneDrive\שולחן העבודה\wordsFiles\Brain_Mri\data\Data 1 with distortion\all_images\no_tumor__N15_10\distortions\barrel_distortion.png",no_tumor,no_tumor,True,FF,0.175698
distorted,barrel_distortion,"C:\Users\micha\OneDrive\שולחן העבודה\wordsFiles\Brain_Mri\data\Data 1 with distortion\all_images\no_tumor__N16_26\distortions\barrel_distortion.png",no_tumor,tumor,False,FT,0.954922
distorted,barrel_distortion,"C:\Users\micha\OneDrive\שולחן העבודה\wordsFiles\Brain_Mri\data\Data 1 with distortion\all_images\no_tumor__N17_7\distortions\barrel_distortion.png",no_tumor,tumor,False,FT,0.938524
distorted,barrel_distortion,"C:\Users\micha\OneDrive\שולחן העבודה\wordsFiles\Brain_Mri\data\Data 1 with distortion\all_images\no_tumor__N21_34\distortions\barrel_distortion.png",no_tumor,no_tumor,True,FF,0.092874
distorted,barrel_distortion,"C:\Users\micha\OneDrive\שולחן העבודה\wordsFiles\Brain_Mri\data\Data 1 with distortion\all_images\no_tumor__N22_31\distortions\barrel_distortion.png",no_tumor,no_tumor,True,FF,0.379199
distorted,barrel_distortion,"C:\Users\micha\OneDrive\שולחן העבודה\wordsFiles\Brain_Mri\data\Data 1 with distortion\all_images\no_tumor__N26_21\distortions\barrel_distortion.png",no_tumor,tumor,False,FT,0.595703
distorted,barrel_distortion,"C:\Users\micha\OneDrive\שולחן העבודה\wordsFiles\Brain_Mri\data\Data 1 with distortion\all_images\no_tumor__No21_6\distortions\barrel_distortion.png",no_tumor,no_tumor,True,FF,0.387712
distorted,barrel_distortion,"C:\Users\micha\OneDrive\שולחן העבודה\wordsFiles\Brain_Mri\data\Data 1 with distortion\all_images\tumor__Y115_5\distortions\barrel_distortion.png",tumor,no_tumor,False,TF,0.490899
distorted,barrel_distortion,"C:\Users\micha\OneDrive\שולחן העבודה\wordsFiles\Brain_Mri\data\Data 1 with distortion\all_images\tumor__Y116_17\distortions\barrel_distortion.png",tumor,no_tumor,False,TF,0.373017
distorted,barrel_distortion,"C:\Users\micha\OneDrive\שולחן העבודה\wordsFiles\Brain_Mri\data\Data 1 with distortion\all_images\tumor__Y155_24\distortions\barrel_distortion.png",tumor,tumor,True,TT,0.902807
distorted,barrel_distortion,"C:\Users\micha\OneDrive\שולחן העבודה\wordsFiles\Brain_Mri\data\Data 1 with distortion\all_images\tumor__Y162_27\distortions\barrel_distortion.png",tumor,no_tumor,False,TF,0.239865
distorted,barrel_distortion,"C:\Users\micha\OneDrive\שולחן העבודה\wordsFiles\Brain_Mri\data\Data 1 with distortion\all_images\tumor__Y180_33\distortions\barrel_distortion.png",tumor,tumor,True,TT,0.997827
distorted,barrel_distortion,"C:\Users\micha\OneDrive\שולחן העבודה\wordsFiles\Brain_Mri\data\Data 1 with distortion\all_images\tumor__Y1_22\distortions\barrel_distortion.png",tumor,no_tumor,False,TF,0.459549
distorted,barrel_distortion,"C:\Users\micha\OneDrive\שולחן העבודה\wordsFiles\Brain_Mri\data\Data 1 with distortion\all_images\tumor__Y20_15\distortions\barrel_distortion.png",tumor,no_tumor,False,TF,0.471075
distorted,barrel_distortion,"C:\Users\micha\OneDrive\שולחן העבודה\wordsFiles\Brain_Mri\data\Data 1 with distortion\all_images\tumor__Y21_36\distortions\barrel_distortion.png",tumor,no_tumor,False,TF,0.474896
distorted,barrel_distortion,"C:\Users\micha\OneDrive\שולחן העבודה\wordsFiles\Brain_Mri\data\Data 1 with distortion\all_images\tumor__Y257_9\distortions\barrel_distortion.png",tumor,tumor,True,TT,0.507688
distorted,barrel_distortion,"C:\Users\micha\OneDrive\שולחן העבודה\wordsFiles\Brain_Mri\data\Data 1 with distortion\all_images\tumor__Y258_32\distortions\barrel_distortion.png",tumor,no_tumor,False,TF,0.446882
distorted,barrel_distortion,"C:\Users\micha\OneDrive\שולחן העבודה\wordsFiles\Brain_Mri\data\Data 1 with distortion\all_images\tumor__Y35_37\distortions\barrel_distortion.png",tumor,tumor,True,TT,0.848336
distorted,barrel_distortion,"C:\Users\micha\OneDrive\שולחן העבודה\wordsFiles\Brain_Mri\data\Data 1 with distortion\all_images\tumor__Y36_23\distortions\barrel_distortion.png",tumor,tumor,True,TT,0.800203
distorted,barrel_distortion,"C:\Users\micha\OneDrive\שולחן העבודה\wordsFiles\Brain_Mri\data\Data 1 with distortion\all_images\tumor__Y37_20\distortions\barrel_distortion.png",tumor,tumor,True,TT,0.998107
distorted,barrel_distortion,"C:\Users\micha\OneDrive\שולחן העבודה\wordsFiles\Brain_Mri\data\Data 1 with distortion\all_images\tumor__Y3_35\distortions\barrel_distortion.png",tumor,no_tumor,False,TF,0.499087
distorted,barrel_distortion,"C:\Users\micha\OneDrive\שולחן העבודה\wordsFiles\Brain_Mri\data\Data 1 with distortion\all_images\tumor__Y41_14\distortions\barrel_distortion.png",tumor,tumor,True,TT,0.702923
distorted,barrel_distortion,"C:\Users\micha\OneDrive\שולחן העבודה\wordsFiles\Brain_Mri\data\Data 1 with distortion\all_images\tumor__Y54_18\distortions\barrel_distortion.png",tumor,tumor,True,TT,0.719544
distorted,barrel_distortion,"C:\Users\micha\OneDrive\שולחן העבודה\wordsFiles\Brain_Mri\data\Data 1 with distortion\all_images\tumor__Y61_12\distortions\barrel_distortion.png",tumor,no_tumor,False,TF,0.487145
distorted,barrel_distortion,"C:\Users\micha\OneDrive\שולחן העבודה\wordsFiles\Brain_Mri\data\Data 1 with distortion\all_images\tumor__Y6_4\distortions\barrel_distortion.png",tumor,tumor,True,TT,0.521121
distorted,barrel_distortion,"C:\Users\micha\OneDrive\שולחן העבודה\wordsFiles\Brain_Mri\data\Data 1 with distortion\all_images\tumor__Y73_29\distortions\barrel_distortion.png",tumor,no_tumor,False,TF,0.400031
distorted,barrel_distortion,"C:\Users\micha\OneDrive\שולחן העבודה\wordsFiles\Brain_Mri\data\Data 1 with distortion\all_images\tumor__Y78_30\distortions\barrel_distortion.png",tumor,no_tumor,False,TF,0.408539
distorted,barrel_distortion,"C:\Users\micha\OneDrive\שולחן העבודה\wordsFiles\Brain_Mri\data\Data 1 with distortion\all_images\tumor__Y79_13\distortions\barrel_distortion.png",tumor,tumor,True,TT,0.805877
distorted,barrel_distortion,"C:\Users\micha\OneDrive\שולחן העבודה\wordsFiles\Brain_Mri\data\Data 1 with distortion\all_images\tumor__Y90_3\distortions\barrel_distortion.png",tumor,no_tumor,False,TF,0.156958
distorted,barrel_distortion,"C:\Users\micha\OneDrive\שולחן העבודה\wordsFiles\Brain_Mri\data\Data 1 with distortion\all_images\tumor__Y95_8\distortions\barrel_distortion.png",tumor,tumor,True,TT,0.603889
distorted,pixelation,"C:\Users\micha\OneDrive\שולחן העבודה\wordsFiles\Brain_Mri\data\Data 1 with distortion\all_images\no_tumor__14 no_28\distortions\pixelation.png",no_tumor,tumor,False,FT,0.919829
distorted,pixelation,"C:\Users\micha\OneDrive\שולחן העבודה\wordsFiles\Brain_Mri\data\Data 1 with distortion\all_images\no_tumor__19 no_16\distortions\pixelation.png",no_tumor,tumor,False,FT,0.714733
distorted,pixelation,"C:\Users\micha\OneDrive\שולחן העבודה\wordsFiles\Brain_Mri\data\Data 1 with distortion\all_images\no_tumor__20 no_19\distortions\pixelation.png",no_tumor,tumor,False,FT,0.949896
distorted,pixelation,"C:\Users\micha\OneDrive\שולחן העבודה\wordsFiles\Brain_Mri\data\Data 1 with distortion\all_images\no_tumor__27 no_2\distortions\pixelation.png",no_tumor,tumor,False,FT,0.975961
distorted,pixelation,"C:\Users\micha\OneDrive\שולחן העבודה\wordsFiles\Brain_Mri\data\Data 1 with distortion\all_images\no_tumor__32 no_1\distortions\pixelation.png",no_tumor,tumor,False,FT,0.677209
distorted,pixelation,"C:\Users\micha\OneDrive\שולחן העבודה\wordsFiles\Brain_Mri\data\Data 1 with distortion\all_images\no_tumor__34 no_0\distortions\pixelation.png",no_tumor,tumor,False,FT,0.996907
distorted,pixelation,"C:\Users\micha\OneDrive\שולחן העבודה\wordsFiles\Brain_Mri\data\Data 1 with distortion\all_images\no_tumor__39 no_11\distortions\pixelation.png",no_tumor,tumor,False,FT,0.954383
distorted,pixelation,"C:\Users\micha\OneDrive\שולחן העבודה\wordsFiles\Brain_Mri\data\Data 1 with distortion\all_images\no_tumor__N11_25\distortions\pixelation.png",no_tumor,tumor,False,FT,0.968724
distorted,pixelation,"C:\Users\micha\OneDrive\שולחן העבודה\wordsFiles\Brain_Mri\data\Data 1 with distortion\all_images\no_tumor__N15_10\distortions\pixelation.png",no_tumor,tumor,False,FT,0.779718
distorted,pixelation,"C:\Users\micha\OneDrive\שולחן העבודה\wordsFiles\Brain_Mri\data\Data 1 with distortion\all_images\no_tumor__N16_26\distortions\pixelation.png",no_tumor,tumor,False,FT,0.975103
distorted,pixelation,"C:\Users\micha\OneDrive\שולחן העבודה\wordsFiles\Brain_Mri\data\Data 1 with distortion\all_images\no_tumor__N17_7\distortions\pixelation.png",no_tumor,tumor,False,FT,0.974410
distorted,pixelation,"C:\Users\micha\OneDrive\שולחן העבודה\wordsFiles\Brain_Mri\data\Data 1 with distortion\all_images\no_tumor__N21_34\distortions\pixelation.png",no_tumor,tumor,False,FT,0.863545
distorted,pixelation,"C:\Users\micha\OneDrive\שולחן העבודה\wordsFiles\Brain_Mri\data\Data 1 with distortion\all_images\no_tumor__N22_31\distortions\pixelation.png",no_tumor,tumor,False,FT,0.978932
distorted,pixelation,"C:\Users\micha\OneDrive\שולחן העבודה\wordsFiles\Brain_Mri\data\Data 1 with distortion\all_images\no_tumor__N26_21\distortions\pixelation.png",no_tumor,tumor,False,FT,0.871138
distorted,pixelation,"C:\Users\micha\OneDrive\שולחן העבודה\wordsFiles\Brain_Mri\data\Data 1 with distortion\all_images\no_tumor__No21_6\distortions\pixelation.png",no_tumor,tumor,False,FT,0.944027
distorted,pixelation,"C:\Users\micha\OneDrive\שולחן העבודה\wordsFiles\Brain_Mri\data\Data 1 with distortion\all_images\tumor__Y115_5\distortions\pixelation.png",tumor,tumor,True,TT,0.960194
distorted,pixelation,"C:\Users\micha\OneDrive\שולחן העבודה\wordsFiles\Brain_Mri\data\Data 1 with distortion\all_images\tumor__Y116_17\distortions\pixelation.png",tumor,tumor,True,TT,0.960749
distorted,pixelation,"C:\Users\micha\OneDrive\שולחן העבודה\wordsFiles\Brain_Mri\data\Data 1 with distortion\all_images\tumor__Y155_24\distortions\pixelation.png",tumor,tumor,True,TT,0.992115
distorted,pixelation,"C:\Users\micha\OneDrive\שולחן העבודה\wordsFiles\Brain_Mri\data\Data 1 with distortion\all_images\tumor__Y162_27\distortions\pixelation.png",tumor,tumor,True,TT,0.915116
distorted,pixelation,"C:\Users\micha\OneDrive\שולחן העבודה\wordsFiles\Brain_Mri\data\Data 1 with distortion\all_images\tumor__Y180_33\distortions\pixelation.png",tumor,tumor,True,TT,0.998746
distorted,pixelation,"C:\Users\micha\OneDrive\שולחן העבודה\wordsFiles\Brain_Mri\data\Data 1 with distortion\all_images\tumor__Y1_22\distortions\pixelation.png",tumor,tumor,True,TT,0.983972
distorted,pixelation,"C:\Users\micha\OneDrive\שולחן העבודה\wordsFiles\Brain_Mri\data\Data 1 with distortion\all_images\tumor__Y20_15\distortions\pixelation.png",tumor,tumor,True,TT,0.991295
distorted,pixelation,"C:\Users\micha\OneDrive\שולחן העבודה\wordsFiles\Brain_Mri\data\Data 1 with distortion\all_images\tumor__Y21_36\distortions\pixelation.png",tumor,tumor,True,TT,0.980568
distorted,pixelation,"C:\Users\micha\OneDrive\שולחן העבודה\wordsFiles\Brain_Mri\data\Data 1 with distortion\all_images\tumor__Y257_9\distortions\pixelation.png",tumor,tumor,True,TT,0.994751
distorted,pixelation,"C:\Users\micha\OneDrive\שולחן העבודה\wordsFiles\Brain_Mri\data\Data 1 with distortion\all_images\tumor__Y258_32\distortions\pixelation.png",tumor,tumor,True,TT,0.991194
distorted,pixelation,"C:\Users\micha\OneDrive\שולחן העבודה\wordsFiles\Brain_Mri\data\Data 1 with distortion\all_images\tumor__Y35_37\distortions\pixelation.png",tumor,tumor,True,TT,0.962243
distorted,pixelation,"C:\Users\micha\OneDrive\שולחן העבודה\wordsFiles\Brain_Mri\data\Data 1 with distortion\all_images\tumor__Y36_23\distortions\pixelation.png",tumor,tumor,True,TT,0.989711
distorted,pixelation,"C:\Users\micha\OneDrive\שולחן העבודה\wordsFiles\Brain_Mri\data\Data 1 with distortion\all_images\tumor__Y37_20\distortions\pixelation.png",tumor,tumor,True,TT,0.991326
distorted,pixelation,"C:\Users\micha\OneDrive\שולחן העבודה\wordsFiles\Brain_Mri\data\Data 1 with distortion\all_images\tumor__Y3_35\distortions\pixelation.png",tumor,tumor,True,TT,0.988913
distorted,pixelation,"C:\Users\micha\OneDrive\שולחן העבודה\wordsFiles\Brain_Mri\data\Data 1 with distortion\all_images\tumor__Y41_14\distortions\pixelation.png",tumor,tumor,True,TT,0.970822
distorted,pixelation,"C:\Users\micha\OneDrive\שולחן העבודה\wordsFiles\Brain_Mri\data\Data 1 with distortion\all_images\tumor__Y54_18\distortions\pixelation.png",tumor,tumor,True,TT,0.996197
distorted,pixelation,"C:\Users\micha\OneDrive\שולחן העבודה\wordsFiles\Brain_Mri\data\Data 1 with distortion\all_images\tumor__Y61_12\distortions\pixelation.png",tumor,tumor,True,TT,0.968301
distorted,pixelation,"C:\Users\micha\OneDrive\שולחן העבודה\wordsFiles\Brain_Mri\data\Data 1 with distortion\all_images\tumor__Y6_4\distortions\pixelation.png",tumor,tumor,True,TT,0.983618
distorted,pixelation,"C:\Users\micha\OneDrive\שולחן העבודה\wordsFiles\Brain_Mri\data\Data 1 with distortion\all_images\tumor__Y73_29\distortions\pixelation.png",tumor,tumor,True,TT,0.951307
distorted,pixelation,"C:\Users\micha\OneDrive\שולחן העבודה\wordsFiles\Brain_Mri\data\Data 1 with distortion\all_images\tumor__Y78_30\distortions\pixelation.png",tumor,tumor,True,TT,0.984249
distorted,pixelation,"C:\Users\micha\OneDrive\שולחן העבודה\wordsFiles\Brain_Mri\data\Data 1 with distortion\all_images\tumor__Y79_13\distortions\pixelation.png",tumor,tumor,True,TT,0.991655
distorted,pixelation,"C:\Users\micha\OneDrive\שולחן העבודה\wordsFiles\Brain_Mri\data\Data 1 with distortion\all_images\tumor__Y90_3\distortions\pixelation.png",tumor,tumor,True,TT,0.813652
distorted,pixelation,"C:\Users\micha\OneDrive\שולחן העבודה\wordsFiles\Brain_Mri\data\Data 1 with distortion\all_images\tumor__Y95_8\distortions\pixelation.png",tumor,tumor,True,TT,0.898406